UAT;Stage
/;/
/en;/CMSPages/GetResource.ashx?scriptfile=%7E%2FCMSScripts%2FRequireJS%2FCMSConfigRequire.js
/getmedia/3ef54da6-027b-4cac-a7c7-9cfd2d78791b/Allnex_logo_tagline_CMYK-DEF_1.jpg?width=150&height=100&ext=.jpg;/CMSPages/GetResource.ashx?scriptfile=%7E%2FCMSScripts%2FRequireJS%2Fconfig.js&resolvemacros=1
/en/markets-applications/performance-applications/personal-care-encapsulation/gel-nails;/CMSPages/GetResource.ashx?scriptfile=%7E%2FCMSScripts%2FRequireJS%2Frequire.js
/en/markets-applications/composites/distrubited-products/core-materials;/CMSPages/GetResource.ashx?scriptfile=%7E%2FCMSScripts%2FWebServiceCall.js
/en/markets-applications/paint-coatings/coating-additives/flow-leveling;/CMSPages/GetResource.ashx?stylesheetfile=/App_Themes/Design/Debug.css
/en/markets-applications/paint-coatings/decorative-construction/stains-varnishes;/Markets-Applications
/resources/css/kentico.css;/Markets-Applications/Composites
/en/markets-applications/performance-applications/construction-materials/concrete-coatings-sealers;/Markets-Applications/Composites/Boat-Building-and-Repair
/en/info-hub/allnex-quality-certificates;/Markets-Applications/Composites/Distrubited-Products
/en/technologies/additives/cobalt-free-cobalt-based-driers;/Markets-Applications/Composites/Distrubited-Products/Adhesives-Sealants
/en/markets-applications/composites/distrubited-products/mould-preparation;/Markets-Applications/Composites/Distrubited-Products/Ancillary-Products
/en/markets-applications/paint-coatings/specialty-coatings/consumer-electronics;/Markets-Applications/Composites/Distrubited-Products/Ancilliary-Products-(1)
/CMSPages/GetResource.ashx?scriptfile=~%2FCMSScripts%2FRequireJS%2FCMSConfigRequire.js;/Markets-Applications/Composites/Distrubited-Products/Core-Materials
/en/markets-applications/paint-coatings/industrial-metal/domestic-appliances;/Markets-Applications/Composites/Distrubited-Products/Mould-Preparation
/en/technologies/acrylate-crosslinkers/multi-functional-methacrylates;/Markets-Applications/Composites/General-Fabrication
/en/markets-applications/paint-coatings/coating-additives/catalysts;/Markets-Applications/Composites/Infrastructure
/en/markets-applications/performance-applications/tires-rubber;/Markets-Applications/Composites/Pool-Leisure
/en/markets-applications/paint-coatings/specialty-coatings/foils-films;/Markets-Applications/Composites/Transportation
/en/markets-applications/paint-coatings/industrial-wood/kitchen;/Markets-Applications/Paint-Coatings
/en/markets-applications/performance-applications/additives/driers;/Markets-Applications/Paint-Coatings/Automotive-Transportation
/en/markets-applications/paint-coatings/industrial-wood/joinery-flatstock;/Markets-Applications/Paint-Coatings/Automotive-Transportation/Automotive-OEM
/en/technologies/acrylate-crosslinkers/urethane-acrylates;/Markets-Applications/Paint-Coatings/Coating-Additives
/en/markets-applications/composites/distrubited-products/catalyst;/Markets-Applications/Paint-Coatings/Coating-Additives/Catalysts
/en/technologies/solventborne-resins;/Markets-Applications/Paint-Coatings/Coating-Additives/Powder-Coating-Additives
/en/info-hub/sustainability;/Markets-Applications/Paint-Coatings/Coating-Additives/Radcure-(UV-EB)-additives
/en/technologies/powder-coating-resins/tgic-powder-coating;/Markets-Applications/Paint-Coatings/Coil-and-Precoated-Metal
/en/markets-applications/paint-coatings/packaging-coatings-inks;/Markets-Applications/Paint-Coatings/Coil-and-Precoated-Metal/Aluminium-Extrusion
/resources/css/styles.css;/Markets-Applications/Paint-Coatings/Coil-and-Precoated-Metal/Coil-Coatings
/getdoc/1c5d3bba-a8c6-4fbe-815a-a43aa97e3769/General-Terms-and-Conditions;/Markets-Applications/Paint-Coatings/Decorative-Construction
/en/markets-applications/performance-applications/personal-care-encapsulation/encapsulation;/Markets-Applications/Paint-Coatings/Decorative-Construction/Roof-Tiles
/getmedia/34627c07-1e0d-4b2a-aa2d-25a3363e87f3/Newsletter-image-2.jpg?width=1920&height=400&ext=.jpg;/Markets-Applications/Paint-Coatings/Industrial-Wood
/en/technologies/energy-curable-resins/uv-curable-printing-resins;/Markets-Applications/Paint-Coatings/Industrial-Wood/Joinery-Flatstock
/en/markets-applications/paint-coatings/industrial-metal/general-metal;/Markets-Applications/Paint-Coatings/Marine-Protective
/CMSPages/GetResource.ashx?scriptfile=~%2FCMSScripts%2FRequireJS%2Frequire.js;/Markets-Applications/Paint-Coatings/Marine-Protective/Container-Coatings
/en/markets-applications/paint-coatings/specialty-coatings/industrial-plastics;/Markets-Applications/Paint-Coatings/Marine-Protective/Light-Duty-Protective
/en/markets-applications/paint-coatings/automotive-transportation/vehicle-refinish;/Markets-Applications/Paint-Coatings/Marine-Protective/Marine
/en/markets-applications/paint-coatings/coating-additives/driers;/Markets-Applications/Paint-Coatings/Packaging-Coatings-Inks
/ScriptResource.axd?d=NJmAwtEo3Ipnlaxl6CMhvqfl84ld9gevk8voGbUJr8BLgRsT87Zkz2DQtFv7tybqL_pQF8HWdZSBm8HZCdbxUJz_NsW3rmJZ39nuNkdbGKwW31iYBwxafdrwTkT0Yrac8eL5e7qGTCRfLfz0x4RZ9s7ZzOFuXX5BA0gGPa02DUY1&t=49337fe8;/Markets-Applications/Paint-Coatings/Packaging-Coatings-Inks/Flexible-Packaging
/en/markets-applications/performance-applications/textiles;/Markets-Applications/Paint-Coatings/Packaging-Coatings-Inks/Overprint-Varnishes
/en/markets-applications/paint-coatings/coating-additives/defoamers-deaerators;/Markets-Applications/Paint-Coatings/Specialty-Coatings
/en/markets-applications/performance-applications/construction-materials;/Markets-Applications/Paint-Coatings/Specialty-Coatings/Foils-Films
/en/markets-applications/paint-coatings/decorative-construction;/Markets-Applications/Paint-Coatings/Specialty-Coatings/Glass-Coatings
/en/technologies/catalysts;/Markets-Applications/Performance-Applications
/en/technologies/ecowise-choice;/Markets-Applications/Performance-Applications/3D-Printing-Resins
/en/markets-applications/paint-coatings/marine-protective/light-duty-protective;/Markets-Applications/Performance-Applications/Additives
/en/markets-applications/performance-applications/electronics-raw-materials;/Markets-Applications/Performance-Applications/Additives/Flow-Leveling
/en/markets-applications/paint-coatings/decorative-construction/metal-trim-light-duty-protective;/Markets-Applications/Performance-Applications/Additives/defoamers-and-deaerators
/en/markets-applications/performance-applications/petrochemical-additives;/Markets-Applications/Performance-Applications/Construction-Materials
/en/markets-applications/paint-coatings/coating-additives;/Markets-Applications/Performance-Applications/Construction-Materials/Waterproofing
/getmedia/15f87e39-3c86-4d97-a271-c60d3f880433/homepage-new-960x395.jpg?width=960&height=395&ext=.jpg;/Markets-Applications/Performance-Applications/Electronics-Raw-Materials
/en/markets-applications/composites/general-fabrication;/Markets-Applications/Performance-Applications/Personal-Care-Encapsulation
/en/technologies/waterborne-resins;/Markets-Applications/Performance-Applications/Personal-Care-Encapsulation/Encapsulation
/en/markets-applications/performance-applications/3d-printing-resins;/Markets-Applications/Performance-Applications/Personal-Care-Encapsulation/Gel-Nails
/en/technologies;/Markets-Applications/Performance-Applications/Petrochemical-Additives
/en/markets-applications/composites/pool-leisure;/Markets-Applications/Performance-Applications/Textiles
/en/markets-applications/paint-coatings/packaging-coatings-inks/flexible-packaging;/Media/Allnex/Allnex/Market%20Page%20Images/shutterstock_465569804_Commercial-Vehicles_Market-overview-tile.jpg?ext=.jpg
/en/markets-applications/performance-applications/additives/dispersants-wetting;/Media/Allnex/Allnex/Market%20Page%20Images/shutterstock_525284881_Automotive-OEM_Market-overview-tile.jpg?ext=.jpg
/en/markets-applications/paint-coatings/automotive-transportation/commercial-vehicles;/Media/Allnex/Allnex/Market%20Page%20Images/shutterstock_696975850_Industrial-Wood_Main-top-pic.jpg?ext=.jpg
/en/markets-applications/performance-applications/additives;/Media/Allnex/Allnex/Market%20Page%20Images/shutterstock_747858385_Decorative-Construction_Roof-Tiles_Market-overview-tile.jpg?ext=.jpg
/en/markets-applications;/Media/Allnex/Allnex/Market%20Page%20Images/shutterstock_77204545_Decorative-Construction_Stains-Varnishes_Market-overview-tile.jpg?ext=.jpg
/en/markets-applications/performance-applications/additives/radcure-(uv-eb)-additives;/Media/Allnex/Allnex/Placeholders/coil-and-precoated-mat-cc_1442x614_tn.jpg?ext=.jpg
/getdoc/e479c57f-b413-4d80-a9ea-b96e4b759ed4/Disclaimer;/Product-Finder
/en/markets-applications/paint-coatings/specialty-coatings/glass-coatings;/ScriptResource.axd?d=NJmAwtEo3Ipnlaxl6CMhvrpjQVxdoXbNHCoi-DkA_6tmc8l7Ogvi3ydveeXlYY6kuZkY0c8Q6dXrHIPCfsJLohQIO0ScL09RBBkrfQHPEzrPvATjJlgws0Je0DWfgl7Ld03FDrCBVIaqTDzV9hTXtVynPI0ZjSB3sEt3nBUhGLM1&t=49337fe8
/en/technologies/urethane-specialties;/Technologies
/en/markets-applications/paint-coatings/decorative-construction/road-markings;/Technologies/Acrylate-Crosslinkers
/en/markets-applications/paint-coatings/decorative-construction/wood-concrete-flooring;/Technologies/Acrylate-Crosslinkers/Acrylate-Monomers
/en/markets-applications/paint-coatings/packaging-coatings-inks/inks;/Technologies/Acrylate-Crosslinkers/Epoxy-Acrylates
/en/info-hub/allnex-management-team;/Technologies/Acrylate-Crosslinkers/Multi-Functional-Methacrylates
/en/technologies/solventborne-resins/thermoplastic-acrylics;/Technologies/Acrylate-Crosslinkers/Polyester-Acrylates
/en/markets-applications/performance-applications/personal-care-encapsulation;/Technologies/Acrylate-Crosslinkers/Urethane-Acrylates
/en/info-hub/technical-data-sheets-(tds);/Technologies/Amino-Crosslinkers
/resources/js/scripts.js;/Technologies/Amino-Crosslinkers/Coil-Coating-Additives,-Crosslinkers-Resins
/en/markets-applications/performance-applications/construction-materials/waterproofing;/Technologies/Catalysts
/en/markets-applications/paint-coatings/coil-and-precoated-metal/pre-coated-metal-sheets;/Technologies/Catalysts/Acid-Catalysts
/en/markets-applications/performance-applications/additives/driers,-defoamers,-deaerators;/Technologies/Composites
/en/technologies/energy-curable-resins;/Technologies/Energy-Curable-Resins
/en/markets-applications/paint-coatings/coating-additives/radcure-(uv-eb)-additives;/Technologies/Energy-Curable-Resins/Energy-curable-solutions-for-low-gloss-application
/en/markets-applications/paint-coatings/marine-protective/marine;/Technologies/Energy-Curable-Resins/UV-LED-curing-resins-additives
/en/sustainability;/Technologies/Energy-Curable-Resins/Waterbased-UV-resins
/en/information-on-cookies;/Technologies/Powder-Coating-Resins
/en/markets-applications/paint-coatings/coil-and-precoated-metal;/Technologies/Powder-Coating-Resins/Polyester-Powder-Coating
/en/markets-applications?tab-market-tabs=performance-applications;/Technologies/Powder-Coating-Resins/UV-curing-powder-coating-resins
/en/technologies/composites;/Technologies/Powder-Coating-Resins/tgic-powder-coating
/media-room;/Technologies/Solventborne-Resins
/en/markets-applications/composites/distrubited-products;/Technologies/Solventborne-Resins/Solventborne-Acrylics
/en/markets-applications/paint-coatings/specialty-coatings;/Technologies/Solventborne-Resins/Solventborne-Acrylics/Solventborne-Polyester
/en/markets-applications/paint-coatings/specialty-coatings/vinyl-flooring;/Technologies/Urethane-Specialties
/en/info-hub/our-values;/Technologies/Waterborne-Resins
/en/technologies/amino-crosslinkers/coil-coating-additives,-crosslinkers-resins;/Technologies/Waterborne-Resins/Water-based-acrylics
/en/markets-applications/composites/tooling-and-moulding;/en
/CMSPages/GetResource.ashx?scriptfile=~%2FCMSScripts%2FRequireJS%2Fconfig.js&resolvemacros=1;/en/
/en/info-hub/management-team;/en/additive-finder
/en/technologies/additives;/en/contact-us
/en/markets-applications/performance-applications/additives/flow-leveling;/en/general-terms-and-conditions
/en/markets-applications/paint-coatings/packaging-coatings-inks/overprint-varnishes;/en/info-hub
/en/technologies/powder-coating-resins/uv-curing-powder-coating-resins;/en/info-hub/allnex-management-team
/getmedia/368862c5-d9ed-4b96-a6fe-4ccce0829f1c/allnex-WeChat-QR-code.jpg;/en/info-hub/allnex-quality-certificates
/en/markets-applications/paint-coatings/coil-and-precoated-metal/coil-coatings;/en/info-hub/compliance
/en/markets-applications/paint-coatings/coating-additives/dispersants-wetting;/en/info-hub/key-facts-about-us
/en/markets-applications/composites/energy-(uv-eb)-curable-materials;/en/info-hub/location-finder
/en/markets-applications/paint-coatings/decorative-construction/specialty-primers;/en/info-hub/management-team
/en/technologies/energy-curable-resins/waterbased-uv-resins;/en/info-hub/news
/en/technologies/powder-coating-resins;/en/info-hub/our-values
/en/markets-applications/performance-applications/additives/powder-coating-additives;/en/info-hub/sustainability
/en/markets-applications?tab-market-tabs=composites;/en/info-hub/technical-data-sheets-(tds)
/en/technologies/acrylate-crosslinkers;/en/info-hub/trade-shows
/en/markets-applications/paint-coatings/coil-and-precoated-metal/aluminium-extrusion;/en/information-on-cookies
/en/technologies/energy-curable-resins/energy-curable-solutions-for-low-gloss-application;/en/markets-applications
/en/markets-applications/composites/transportation;/en/markets-applications/
/en/markets-applications/;/en/markets-applications/composites
/en/markets-applications/composites/distrubited-products/ancillary-products;/en/markets-applications/composites/boat-building-and-repair
/en/info-hub/location-finder;/en/markets-applications/composites/building-architecture
/en/technologies/acrylate-crosslinkers/acrylate-monomers;/en/markets-applications/composites/distrubited-products
/en/technologies/acrylate-crosslinkers/epoxy-acrylates;/en/markets-applications/composites/distrubited-products/adhesives-sealants
/en/markets-applications/paint-coatings/coating-additives/powder-coating-additives;/en/markets-applications/composites/distrubited-products/ancillary-products
/en/markets-applications/paint-coatings/marine-protective/container-coatings;/en/markets-applications/composites/distrubited-products/ancilliary-products-(1)
/en/technologies/acrylate-crosslinkers/polyester-acrylates;/en/markets-applications/composites/distrubited-products/catalyst
/en/markets-applications/paint-coatings/automotive-transportation/automotive-oem;/en/markets-applications/composites/distrubited-products/core-materials
/en/markets-applications/paint-coatings/decorative-construction/wall-paint;/en/markets-applications/composites/distrubited-products/mould-preparation
/en/info-hub;/en/markets-applications/composites/energy-(uv-eb)-curable-materials
/en/markets-applications/paint-coatings/decorative-construction/roof-tiles;/en/markets-applications/composites/general-fabrication
/en/technologies/waterborne-resins/water-based-acrylics;/en/markets-applications/composites/infrastructure
/en/markets-applications/paint-coatings/packaging-coatings-inks/metal-packaging;/en/markets-applications/composites/pool-leisure
/en/technologies/amino-crosslinkers;/en/markets-applications/composites/tooling-and-moulding
/en/info-hub/news;/en/markets-applications/composites/transportation
/en/markets-applications/paint-coatings/industrial-wood/furniture;/en/markets-applications/composites?tab-market-tabs=composites
/en/markets-applications/paint-coatings/marine-protective;/en/markets-applications/composites?tab-market-tabs=paint-coatings
/en/markets-applications?tab-market-tabs=paint-coatings;/en/markets-applications/composites?tab-market-tabs=performance-applications
/en/markets-applications/composites/distrubited-products/adhesives-sealants;/en/markets-applications/paint-coatings
/en/additive-finder;/en/markets-applications/paint-coatings/automotive-transportation
/en/markets-applications/paint-coatings/industrial-wood;/en/markets-applications/paint-coatings/automotive-transportation/automotive-oem
/en/markets-applications/paint-coatings/automotive-transportation;/en/markets-applications/paint-coatings/automotive-transportation/commercial-vehicles
/en/markets-applications/paint-coatings/marine-protective/industrial-maintenance;/en/markets-applications/paint-coatings/automotive-transportation/vehicle-refinish
/en/markets-applications/paint-coatings/industrial-metal/rail;/en/markets-applications/paint-coatings/coating-additives
/en/technologies/powder-coating-resins/powder-coating-for-wheels;/en/markets-applications/paint-coatings/coating-additives/catalysts
/CMSPages/GetResource.ashx?stylesheetfile=/App_Themes/Design/Debug.css;/en/markets-applications/paint-coatings/coating-additives/defoamers-and-deaerators
/en/technologies/catalysts/acid-catalysts;/en/markets-applications/paint-coatings/coating-additives/defoamers-deaerators
/en/markets-applications/performance-applications/additives/catalysts;/en/markets-applications/paint-coatings/coating-additives/dispersants-wetting
/en/markets-applications/paint-coatings/industrial-metal/aerospace;/en/markets-applications/paint-coatings/coating-additives/driers
/en/markets-applications/composites/building-architecture;/en/markets-applications/paint-coatings/coating-additives/flow-leveling
/en/technologies/solventborne-resins/solventborne-acrylics/solventborne-polyester;/en/markets-applications/paint-coatings/coating-additives/powder-coating-additives
/CMSPages/GetResource.ashx?scriptfile=~%2FCMSScripts%2FWebServiceCall.js;/en/markets-applications/paint-coatings/coating-additives/radcure-(uv-eb)-additives
/en/markets-applications/composites/infrastructure;/en/markets-applications/paint-coatings/coil-and-precoated-metal
/en/info-hub/trade-shows;/en/markets-applications/paint-coatings/coil-and-precoated-metal/aluminium-extrusion
/en/markets-applications/paint-coatings/industrial-metal/agriculture-and-construction-equipment-(ace);/en/markets-applications/paint-coatings/coil-and-precoated-metal/coil-coatings
/en/markets-applications/composites/boat-building-and-repair;/en/markets-applications/paint-coatings/coil-and-precoated-metal/pre-coated-metal-sheets
/en/contact-us;/en/markets-applications/paint-coatings/decorative-construction
/en/markets-applications/paint-coatings/industrial-wood/flooring;/en/markets-applications/paint-coatings/decorative-construction/metal-trim-light-duty-protective
/en/technologies/powder-coating-resins/polyester-powder-coating;/en/markets-applications/paint-coatings/decorative-construction/road-markings
/en/technologies/solventborne-resins/solventborne-acrylics;/en/markets-applications/paint-coatings/decorative-construction/roof-tiles
/en/markets-applications/performance-applications/water-treatment-additives;/en/markets-applications/paint-coatings/decorative-construction/specialty-primers
/en/technologies/energy-curable-resins/uv-led-curing-resins-additives;/en/markets-applications/paint-coatings/decorative-construction/stains-varnishes
/getdoc/9370c389-a28d-4262-9245-3c1f4ccec3cf/Data-Protection;/en/markets-applications/paint-coatings/decorative-construction/wall-paint
/en/markets-applications/paint-coatings/industrial-metal;/en/markets-applications/paint-coatings/decorative-construction/wood-concrete-flooring
/en/markets-applications/composites/distrubited-products/ancilliary-products-(1);/en/markets-applications/paint-coatings/decorative-construction/wood-trims
/en/info-hub/compliance;/en/markets-applications/paint-coatings/industrial-metal
/en/info-hub/key-facts-about-us;/en/markets-applications/paint-coatings/industrial-metal/aerospace
/en/product-finder;/en/markets-applications/paint-coatings/industrial-metal/agriculture-and-construction-equipment-(ace)
/en/product/80f35a02-fd62-407e-9800-ad893431c774/EBECRYL-2221;/en/markets-applications/paint-coatings/industrial-metal/domestic-appliances
/getattachment/Our-Markets/Personal-Care/Fabric1-230x168.jpg?lang=en-GB&width=230&height=168&ext=.jpg;/en/markets-applications/paint-coatings/industrial-metal/general-metal
/en/product/43ac479a-bdca-42cd-b71f-eab6ed6fc8c7/EBECRYL-8413;/en/markets-applications/paint-coatings/industrial-metal/rail
/en/markets-applications/paint-coatings/decorative-construction/wood-trims;/en/markets-applications/paint-coatings/industrial-wood
/getattachment/Info-Hub/Brochures/CRYLCOAT-E-04482/730AL_309-CRYLCOAT-E-04482.pdf?lang=en-US&disposition=attachment;/en/markets-applications/paint-coatings/industrial-wood/flooring
/getattachment/Info-Hub/Brochures/Powder-Coating-Resins-for-Metal-Packaging/Powder-coating-for-metal-packaging.pdf?lang=en-US&disposition=attachment;/en/markets-applications/paint-coatings/industrial-wood/furniture
/getmedia/8905d837-6adb-4e74-a0be-c5617226d7cd/0180_AL-Crosslinkers-Phenolic_web.pdf?disposition=attachment;/en/markets-applications/paint-coatings/industrial-wood/joinery-flatstock
/Markets-Applications/Composites/Distrubited-Products/Catalyst;/en/markets-applications/paint-coatings/industrial-wood/kitchen
/getmedia/862d87fd-1385-4730-9fdd-36cc0c8e4d36/Polyplex-DCPD.jpg?width=413&height=581&ext=.jpg;/en/markets-applications/paint-coatings/marine-protective
/getmedia/3b024692-bf92-44b7-857b-d18fb6a04a35/radcure-ceip_emea_thumbnail-picture.jpg?width=607&height=857&ext=.jpg;/en/markets-applications/paint-coatings/marine-protective/container-coatings
/getmedia/160ed72d-d649-4a0b-b2a8-53a6fe46e008/sustainable-solutions-lra_english.jpg?width=612&height=854&ext=.jpg;/en/markets-applications/paint-coatings/marine-protective/industrial-maintenance
/getmedia/c30ecc88-27b3-453b-ab2b-da0a2b181fa6/TMXDI.JPG?width=639&height=850&ext=.jpg;/en/markets-applications/paint-coatings/marine-protective/light-duty-protective
/Markets-Applications/Composites/General-Fabrication;/en/markets-applications/paint-coatings/marine-protective/marine
/getattachment/Our-Markets/Specialty-Coatings/Consumer-Electronics/Specialty-Coatings_consumer-elec_1442x614_tn.jpg.aspx?lang=en-US&width=230&height=168&ext=.jpg;/en/markets-applications/paint-coatings/packaging-coatings-inks
/en/product/335caa88-b3ed-413a-8e1e-f37a20fcc68e/CRYLCOAT-2618-3;/en/markets-applications/paint-coatings/packaging-coatings-inks/flexible-packaging
/en/technologies/phenolic-crosslinkers;/en/markets-applications/paint-coatings/packaging-coatings-inks/inks
/en/product/56398994-174b-4966-a3bb-0a3101b4911f/CRYLCOAT-1545-6;/en/markets-applications/paint-coatings/packaging-coatings-inks/metal-packaging
/getmedia/870559aa-8ec9-4c59-9c64-c0c108aeee50/Allnex-Composites-Fact-Sheet-Updated-April-2021.pdf?disposition=attachment;/en/markets-applications/paint-coatings/packaging-coatings-inks/overprint-varnishes
/getattachment/Info-Hub/Brochures/CRYLCOAT-4698-2/730AL_312-CRYLCOAT-4698-2.pdf?lang=en-US&disposition=attachment;/en/markets-applications/paint-coatings/specialty-coatings
/getmedia/6babab47-47be-449f-8afc-c7f8d827e858/domestic_appliances.jpg?width=493&height=292&ext=.jpg;/en/markets-applications/paint-coatings/specialty-coatings/consumer-electronics
/Technologies/Energy-Curable-Resins;/en/markets-applications/paint-coatings/specialty-coatings/foils-films
/Markets-Applications/Performance-Applications/Personal-Care-Encapsulation;/en/markets-applications/paint-coatings/specialty-coatings/glass-coatings
/getattachment/Our-Markets/Decorative-Construction/Decorative2-230x168.jpg.aspx?lang=en-US&width=230&height=168&ext=.jpg;/en/markets-applications/paint-coatings/specialty-coatings/industrial-plastics
/getmedia/98b136e1-66db-43eb-9853-b642ebe500d4/pcr_powder-coating-resins-for-metal-packaging_thumbnail.jpg?width=641&height=887&ext=.jpg;/en/markets-applications/paint-coatings/specialty-coatings/vinyl-flooring
/en/product/12b8b31c-ab71-4c2e-b45c-33838e802fa0/SETAQUA-6756;/en/markets-applications/paint-coatings?tab-market-tabs=composites
/Markets-Applications/Paint-Coatings/Industrial-Metal/General-Metal;/en/markets-applications/paint-coatings?tab-market-tabs=paint-coatings
/getattachment/Our-Markets/Additives/Petrochemical-Additives/Additives_petrochemical_1442x614_tn.jpg.aspx?lang=en-US&width=230&height=168&ext=.jpg;/en/markets-applications/paint-coatings?tab-market-tabs=performance-applications
/getattachment/Info-Hub/Brochures/Coating-Additives-Product-Guide-Global/730AL_264-Additives-Productguide-spreads.pdf?lang=en-US&disposition=attachment;/en/markets-applications/performance-applications
/getmedia/2bfe02fc-39b7-402b-b5e9-eb2fcdcf690f/hetron-922-infusion-resin-product-information.pdf?disposition=attachment;/en/markets-applications/performance-applications/3d-printing-resins
/Markets-Applications/Paint-Coatings/Decorative-Construction/Wall-Paint;/en/markets-applications/performance-applications/additives
/en/data-protection;/en/markets-applications/performance-applications/additives/catalysts
/en/product/dfdd452f-8aba-40e7-8439-73cc49c4fd83/VIACRYL-SC-6841w-50WA;/en/markets-applications/performance-applications/additives/defoamers-and-deaerators
/en/product/3476ac95-6eea-4a26-8fe7-b0ef98e0e1c0/ADDITOL-XL-6531;/en/markets-applications/performance-applications/additives/dispersants-wetting
/Technologies/Acrylate-Crosslinkers;/en/markets-applications/performance-applications/additives/driers
/getmedia/6c9a66f3-de73-4975-8fea-a4f4e18e6154/shutterstock_602656238.jpg?width=345&height=190&ext=.jpg;/en/markets-applications/performance-applications/additives/driers,-defoamers,-deaerators
/en/product/ac95d0d6-2187-49da-839b-130df6789f6d/EBECRYL-5850;/en/markets-applications/performance-applications/additives/flow-leveling
/getmedia/e46d51bf-089b-4193-b001-37ebb16c2b2e/730AL_220-Powder-coating_web.pdf?disposition=attachment;/en/markets-applications/performance-applications/additives/powder-coating-additives
/en/markets-applications/composites;/en/markets-applications/performance-applications/additives/radcure-(uv-eb)-additives
/getattachment/Info-Hub/Brochures/Catalysts-for-Industrial-Coatings-CYCAT/Catalysts-for-industrial-coatings_July-2021.pdf?lang=en-US&disposition=attachment;/en/markets-applications/performance-applications/construction-materials
/en/product/3146c326-b164-49ab-a0e1-5e162c1ee688/ADDITOL-XW-6565;/en/markets-applications/performance-applications/construction-materials/concrete-coatings-sealers
/en/product/5f8aaee0-ee80-40bb-bb00-129f15f4471a/SETAPOLL-SP303;/en/markets-applications/performance-applications/construction-materials/waterproofing
/en/product/c1c79272-7658-4355-80ab-2cffe3dec714/ADDITOL-P-963;/en/markets-applications/performance-applications/electronics-raw-materials
/getmedia/4f3a8b86-f66a-4647-82ae-c0a0b16298f0/pcr_matte-dry-blend_thumbnail.jpg?width=647&height=910&ext=.jpg;/en/markets-applications/performance-applications/personal-care-encapsulation
/en/product/c37e3193-63a2-4971-952e-afe894d11bc8/UCECOAT-7850;/en/markets-applications/performance-applications/personal-care-encapsulation/encapsulation
/getmedia/2a5ab7c5-4c1d-43f8-83ae-58013cb611d0/shutterstock_494707909_vehicle-refinish_market-overview.jpg?width=230&height=168&ext=.jpg;/en/markets-applications/performance-applications/personal-care-encapsulation/gel-nails
/en/product/3230454f-3821-46ac-a5b1-9ea9e9916e71/UVECOAT-2100;/en/markets-applications/performance-applications/petrochemical-additives
/en/product/817df115-0e43-4d84-827e-3408aac3fbf3/ADDITOL-XW-6580;/en/markets-applications/performance-applications/textiles
/en/product/cb93354a-70ca-47e0-9420-96349111e922/ebecryl-led-03;/en/markets-applications/performance-applications/tires-rubber
/getattachment/7e71ba6d-1441-4b1b-8ee7-d4c6dd56dda4/shutterstock_715003594_592x394.jpg.aspx?lang=en-US&width=345&height=190&ext=.jpg;/en/markets-applications/performance-applications/water-treatment-additives
/getdoc/1ac147e6-24cf-4175-a28e-31be6b91b62b/Markets-Applications;/en/markets-applications/performance-applications?tab-market-tabs=composites
/getattachment/Info-Hub/Brochures/CRYLCOAT-2415-2/730AL_317-CRYLCOAT-2415-2.pdf?lang=en-US&disposition=attachment;/en/markets-applications/performance-applications?tab-market-tabs=paint-coatings
/en/product/327da3c3-18f3-44c3-af86-152408f759dd/additol-p-791;/en/markets-applications/performance-applications?tab-market-tabs=performance-applications
/getmedia/a7aacf54-28ce-4d81-a380-a0a11bd74819/crylcoat-2645-3-screenshot.jpg?width=514&height=727&ext=.jpg;/en/markets-applications?tab-market-tabs=composites
/getmedia/24ccffd6-8135-45e4-8d32-68b49c1f2bf6/fibreglass-equipment-range-catalogue-anz.pdf;/en/markets-applications?tab-market-tabs=paint-coatings
/getmedia/290d0cd4-c283-4333-8f10-e77869dff6f9/eb-898.JPG?width=635&height=848&ext=.jpg;/en/markets-applications?tab-market-tabs=performance-applications
/getmedia/3e15422d-2d50-43d4-a617-aadd468c23a9/Website-Front-Cover.jpg?width=413&height=581&ext=.jpg;/en/media-room
/en/product/fc7241b5-da8b-4c34-a991-1e664ad97056/CYCAT-6030;/en/product-finder
/Technologies/Solventborne-Resins;/en/product/0071b3f1-a305-4e15-8dd5-751ef33d9ccd/UVECOAT-2200
/getattachment/Info-Hub/Brochures/UCECOAT-7510-for-Industrial-Wood/180502_allnex_UCECOAT-7510_two-pager_FINAL-FOR-RADTECH-US.pdf?lang=en-US&disposition=attachment;/en/product/0071b3f1-a305-4e15-8dd5-751ef33d9ccd/uvecoat-2200
/getattachment/08dea03b-6346-4852-bad8-186873fd3ab1/shutterstock_116313157_592x395.jpg.aspx?lang=en-US&width=345&height=190&ext=.jpg;/en/product/0223c41e-9a1d-4d36-85f5-8a50268e94b1/CRYLCOAT-2416-2
/getmedia/2f374237-4092-4537-bfff-a5295dab5860/Driers.jpg?width=345&height=190&ext=.jpg;/en/product/0223c41e-9a1d-4d36-85f5-8a50268e94b1/crylcoat-2416-2
/Markets-Applications/Paint-Coatings/Coil-and-Precoated-Metal/Pre-Coated-Metal-Sheets;/en/product/034e829c-60c9-46dc-af2c-e82f28cb0d14/EBECRYL-225
/getattachment/Info-Hub/Brochures/UCECOAT-7230-for-Industrial-Wood/180502_allnex_UCECOAT-7230_Two-pager-for-IC_NA-EMEA_FINAL-TO-BE-USED.pdf?lang=en-US&disposition=attachment;/en/product/034e829c-60c9-46dc-af2c-e82f28cb0d14/ebecryl-225
/Technologies/Acrylate-Crosslinkers/Acrylate-Monomers;/en/product/0581fe23-d37d-47a0-8997-666db79594bf/EBECRYL-546
/getattachment/e8028cf0-f3e2-4995-b911-d9f61dba4eed/coating-additives_driers_180x120.jpg.aspx?lang=en-US&width=180&height=120&ext=.jpg;/en/product/0581fe23-d37d-47a0-8997-666db79594bf/ebecryl-546
/Technologies/Solventborne-Resins/Solventborne-Acrylics/Solventborne-Polyester;/en/product/0ab5c0c0-2863-477b-bba8-d248da07d7ba/EBECRYL-417
/en/product/9f5aa1fe-49f0-48e5-9677-fa80e6801a23/CRYLCOAT-4643-3;/en/product/0ab5c0c0-2863-477b-bba8-d248da07d7ba/ebecryl-417
/en/product/eb720b0a-9813-4b7a-a380-cbce441b65d7/CYMEL-UI-27-EI;/en/product/0ab92322-7887-438e-b1d4-92813fdf6575/CYREZ-CRA-200-300-Product-Family-(72-HMMM)
/Markets-Applications/Composites/Distrubited-Products;/en/product/0ab92322-7887-438e-b1d4-92813fdf6575/cyrez-cra-200-300-product-family-(72-hmmm)
/en/product/9b561875-85a4-4315-9c30-95faf293e339/ADDITOL-XL-6592;/en/product/0aefa066-64e6-40bf-99ea-17f196da61bd/CRYLCOAT-2630-2
/getmedia/5c254495-7f4e-49f2-b30a-dd3151a3f13b/hetron-922-infusion-resin.jpg?width=413&height=581&ext=.jpg;/en/product/0aefa066-64e6-40bf-99ea-17f196da61bd/crylcoat-2630-2
/getmedia/0d23d092-d1ce-4a88-bfa4-7fe06ff1b8a2/lra_coating-additives_thumbnail.jpg?width=619&height=855&ext=.jpg;/en/product/0ba33650-364e-4fb5-84b2-555001a2ec5c/EBECRYL-4396
/en/product/9798b92d-b569-4ad3-96b5-6daa136521e4/UVECOAT-9010;/en/product/0ba33650-364e-4fb5-84b2-555001a2ec5c/ebecryl-4396
/en/product/a8a72748-7d2e-4794-9739-3992b5a2d94c/EBECRYL-898;/en/product/0e803d57-27b0-4da3-922c-b1b5c5a018ff/OTA-480
/en/product/112eb826-3e48-4083-acb1-29254f3f4dfb/UVECOAT-9539;/en/product/0e803d57-27b0-4da3-922c-b1b5c5a018ff/ota-480
/en/product/936b26d6-c313-4778-9bd5-3dceef71a6dc/UVECOAT-9146;/en/product/0ea0330c-4164-4b03-a7f5-374b609c8452/SETAQUA-ECO-9650
/Markets-Applications/Paint-Coatings/Automotive-Transportation;/en/product/0ea0330c-4164-4b03-a7f5-374b609c8452/setaqua-eco-9650
/en/product/c53fe247-8a82-48ca-97e3-608597b17baf/CRYLCOAT-1660-0;/en/product/112eb826-3e48-4083-acb1-29254f3f4dfb/UVECOAT-9539
/en/product/1e1b74ec-f37c-4023-b41c-9980d36d9113/DUROFTAL-FC-2828-75BAC;/en/product/112eb826-3e48-4083-acb1-29254f3f4dfb/uvecoat-9539
/Technologies/Powder-Coating-Resins/Polyester-Powder-Coating;/en/product/113e403c-90d2-4149-a172-5894bd354b06/UCECOAT-7520
/en/product/6d8bce8b-8c15-4a51-bb48-ded439d22e68/EBECRYL-1360;/en/product/113e403c-90d2-4149-a172-5894bd354b06/ucecoat-7520
/getattachment/117b3453-e272-4197-9b80-10677660b3ff/shutterstock_573542053_592x395.jpg.aspx?lang=en-US&width=345&height=190&ext=.jpg;/en/product/1291e940-4ee4-4914-8d12-c6df568b82e4/UCECOAT-7999
/getmedia/ad53c8cb-1431-4a78-8db4-3c99824113f5/TPA-table-final.png;/en/product/1291e940-4ee4-4914-8d12-c6df568b82e4/ucecoat-7999
/getmedia/95aeacd8-7d0b-4ee6-98c7-af391da4c391/TMI.JPG?width=600&height=824&ext=.jpg;/en/product/12b8b31c-ab71-4c2e-b45c-33838e802fa0/SETAQUA-6756
/getattachment/3969cdbe-3bc1-4083-b20a-79ae61e26bb3/shutterstock_276836573_592x395.jpg.aspx?lang=en-US&width=345&height=190&ext=.jpg;/en/product/12b8b31c-ab71-4c2e-b45c-33838e802fa0/setaqua-6756
/en/product/e1680d4c-533c-42b0-b2fe-41dab6e2c42d/EBECRYL-418;/en/product/134994ea-ec18-4825-95f5-b473d5dbe8e9/ADDITOL-XL-6577
/Markets-Applications/Paint-Coatings/Packaging-Coatings-Inks/Metal-Packaging;/en/product/134994ea-ec18-4825-95f5-b473d5dbe8e9/additol-xl-6577
/en/product/a6b1ca5e-c05e-47a1-aba8-fd43f332ff1f/CYCAT-4045;/en/product/17a8ca84-436d-4dbe-ab5b-3d98303dca65/ADDITOL-P-824
/Markets-Applications/Paint-Coatings/Coating-Additives/Dispersants-Wetting;/en/product/17a8ca84-436d-4dbe-ab5b-3d98303dca65/additol-p-824
/getattachment/571f6479-6f8b-4983-9aa9-6c85f05f4ae0/Keyboard-230x168.jpg?lang=en-GB&width=230&height=168&ext=.jpg;/en/product/1a1757d3-0cde-4850-b09e-bcc90527912a/ADDITOL-XW-6588
/getmedia/5b4c5eae-b1bb-43c5-beca-fae9a685a620/shutterstock_436388113_road-markings-night.jpg?width=345&height=190&ext=.jpg;/en/product/1a1757d3-0cde-4850-b09e-bcc90527912a/additol-xw-6588
/getmedia/28b7609b-f5ea-4384-ba60-7b6a3cb4abb9/general-laminating.jpg?width=595&height=395&ext=.jpg;/en/product/1b57ea79-e734-44cb-b4aa-daaebb9315e4/CYCAT-4040
/en/product/0223c41e-9a1d-4d36-85f5-8a50268e94b1/CRYLCOAT-2416-2;/en/product/1b57ea79-e734-44cb-b4aa-daaebb9315e4/cycat-4040
/getattachment/Our-Markets/Construction-Materials/Concrete-Coatings-Sealers/Construction_concrete_1442x614_tn.jpg.aspx?lang=en-US&width=230&height=168&ext=.jpg;/en/product/1bbaa489-cb60-4485-b16e-545a26c6ea72/CYMEL-325
/getmedia/8be14f71-ebe3-4c5a-b7ff-068703abbd88/Scimitar-Boat.JPG?width=345&height=190&ext=.jpg;/en/product/1bbaa489-cb60-4485-b16e-545a26c6ea72/cymel-325
/Technologies/Composites;/en/product/1c4948d8-a73e-41e0-a2da-df2e13ff480a/ADDITOL-P-966
/en/product/711f86d6-0e50-49fe-a654-8ca7ad73b7f8/BECKOPOX-EH-694;/en/product/1c4948d8-a73e-41e0-a2da-df2e13ff480a/additol-p-966
/getattachment/fb93fdba-0ef1-4cb8-851c-63599c061f68/coating-additives_dispersants_250x140_hottopic3.jpg.aspx?lang=en-US&width=236&height=140&ext=.jpg;/en/product/1c50d6c1-9fcb-4b9e-8f72-254070a36934/SYNTHACRYL-710
/en/product/e53c7e4a-54d9-44ce-9239-9d49a20620a3/EBECRYL-895;/en/product/1c50d6c1-9fcb-4b9e-8f72-254070a36934/synthacryl-710
/en/product/1291e940-4ee4-4914-8d12-c6df568b82e4/UCECOAT-7999;/en/product/1e1b74ec-f37c-4023-b41c-9980d36d9113/DUROFTAL-FC-2828-75BAC
/getattachment/Info-Hub/Brochures/TMI-Product-Guide/LRA-TMI-product-guide-WW-March-2018.pdf?lang=en-US&disposition=attachment;/en/product/1e1b74ec-f37c-4023-b41c-9980d36d9113/duroftal-fc-2828-75bac
/getmedia/cdc8bad7-b4b0-4c46-8b5c-fc0d1385618b/pcr_crylcoat-2696-3_thumbnail.jpg?width=643&height=910&ext=.jpg;/en/product/1eb301e3-ba30-4377-bb8b-4531b1da3137/ADDITOL-XW-6567
/getattachment/6bff204e-e26d-402e-978d-7e6977507acb/shutterstock_633189140_592x395.jpg.aspx?lang=en-US&width=345&height=190&ext=.jpg;/en/product/1eb301e3-ba30-4377-bb8b-4531b1da3137/additol-xw-6567
/en/product/8ee8d6fd-f9b7-4b87-92ba-a3c19efd08e0/ADDITOL-VXW-6208-60;/en/product/200faba7-7e8b-4c57-884c-c36cef6d4cc5/EBECRYL-331
/getmedia/102f8846-1ada-401a-98e3-4181a81b622c/0175_al-powder-coatings-additives_proef4.pdf?disposition=attachment;/en/product/200faba7-7e8b-4c57-884c-c36cef6d4cc5/ebecryl-331
/getattachment/Info-Hub/Brochures/UV-EB-Curable-Resins-for-Consumer-Electronics-Indu/730AL_222-Allnex-Plastics-Applications-spreads.pdf?lang=en-US&disposition=attachment;/en/product/21574298-7931-49ed-b83b-645e48109a82/CRYLCOAT-2441-2
/Markets-Applications/Paint-Coatings/Automotive-Transportation/Commercial-Vehicles;/en/product/21574298-7931-49ed-b83b-645e48109a82/crylcoat-2441-2
/Markets-Applications/Paint-Coatings/Industrial-Metal;/en/product/21755f17-0e5a-4726-aca6-9c369e0f388f/EBECRYL-LED-02
/getattachment/Info-Hub/Brochures/Liquid-Resins-Additives-Product-Guide/LRA_brochure_RUS_2018.pdf?lang=en-US&disposition=attachment;/en/product/21755f17-0e5a-4726-aca6-9c369e0f388f/ebecryl-led-02
/en/product/3bf660fb-0193-4581-a35a-e8c9cfcc589f/CRYLCOAT-4478-0;/en/product/2438bfb6-ba81-4dbc-8bc8-7389f22f1c9c/EBECRYL-416
/getmedia/40ef732e-7525-41f8-9e08-1333350e220e/shutterstock_781140223_aluminium-extrusion_market-tile.jpg?width=345&height=190&ext=.jpg;/en/product/2438bfb6-ba81-4dbc-8bc8-7389f22f1c9c/ebecryl-416
/en/product/47af4ef3-ca5e-498e-879d-564cf1ebd4d0/ADDITOL-P-920;/en/product/27ad0d05-681b-47fe-872e-2853aa80e802/SETALUX-27-1592
/en/product/1eb301e3-ba30-4377-bb8b-4531b1da3137/additol-xw-6567;/en/product/27ad0d05-681b-47fe-872e-2853aa80e802/setalux-27-1592
/en/product/0ea0330c-4164-4b03-a7f5-374b609c8452/setaqua-eco-9650;/en/product/2ad7c00a-d780-4640-9cea-99544a56e744/ADDITOL-P-932
/getattachment/705047e4-111d-4af5-8ea9-3f9515f0266c/180502_allnex_UCECOAT-7510_two-pager-screenshot.GIF.aspx?lang=en-US&width=150&height=196&ext=.gif;/en/product/2ad7c00a-d780-4640-9cea-99544a56e744/additol-p-932
/getmedia/7643e9e4-bb7f-4c60-914f-810fa873c975/Water-borne-1K-acrylic-DTM_web.pdf?disposition=attachment;/en/product/2bc56e86-09dc-48d1-b0d3-f54d41bc82bb/EBECRYL-P39
/Technologies/Energy-Curable-Resins/Waterbased-UV-resins;/en/product/2bc56e86-09dc-48d1-b0d3-f54d41bc82bb/ebecryl-p39
/en/product/c0909b8b-78c9-4fa1-8bc0-5891a84b10dd/CRYLCOAT-2693-6;/en/product/300e1ec1-77f3-4b1a-816e-f19f8d656670/CYREZ-963-Product-Family-(100-HMMM)
/getmedia/27094ae4-5060-4332-a14d-7c7aaa44104e/automotive-uv-eb.JPG?width=634&height=851&ext=.jpg;/en/product/300e1ec1-77f3-4b1a-816e-f19f8d656670/cyrez-963-product-family-(100-hmmm)
/en/product/9efe9197-0c77-4f67-be22-fcacd739c933/ADDITOL-P-896;/en/product/3230454f-3821-46ac-a5b1-9ea9e9916e71/UVECOAT-2100
/getattachment/Our-Markets/Marine-Protective/Marine2-230x168.jpg?lang=en-US&width=230&height=168&ext=.jpg;/en/product/3230454f-3821-46ac-a5b1-9ea9e9916e71/uvecoat-2100
/Markets-Applications/Paint-Coatings/Packaging-Coatings-Inks;/en/product/327da3c3-18f3-44c3-af86-152408f759dd/ADDITOL-P-791
/getmedia/40a0bdcf-9855-418f-a66e-bf7ada052a25/amino-crosslinkers.JPG?width=413&height=581&ext=.jpg;/en/product/327da3c3-18f3-44c3-af86-152408f759dd/additol-p-791
/en/product/db04d934-b1f6-4d8e-837b-f7c818eb6d81/EBECRYL-4738;/en/product/335caa88-b3ed-413a-8e1e-f37a20fcc68e/CRYLCOAT-2618-3
/Markets-Applications/Paint-Coatings/Decorative-Construction/Metal-Trim-Light-Duty-Protective;/en/product/335caa88-b3ed-413a-8e1e-f37a20fcc68e/crylcoat-2618-3
/getmedia/24743837-939b-4e43-8529-ed122b0e550e/general-fabrication-493x292.jpg?width=493&height=292&ext=.jpg;/en/product/33789ef5-bb09-4a3b-aef8-207c742d5d3c/SETAL-26-1089
/en/product/2438bfb6-ba81-4dbc-8bc8-7389f22f1c9c/EBECRYL-416;/en/product/33789ef5-bb09-4a3b-aef8-207c742d5d3c/setal-26-1089
/en/product/4c47eecf-4931-4596-9139-ef100627d88e/CYMEL-NF-2000A;/en/product/3476ac95-6eea-4a26-8fe7-b0ef98e0e1c0/ADDITOL-XL-6531
/Media/Allnex/Allnex/Market%20Page%20Images/shutterstock_465569804_Commercial-Vehicles_Market-overview-tile.jpg?ext=.jpg;/en/product/3476ac95-6eea-4a26-8fe7-b0ef98e0e1c0/additol-xl-6531
/Markets-Applications/Composites/Distrubited-Products/Adhesives-Sealants;/en/product/34d760e0-6757-4563-80c1-2cfccae4804e/EBECRYL-876
/Markets-Applications/Performance-Applications/Additives;/en/product/34d760e0-6757-4563-80c1-2cfccae4804e/ebecryl-876
/Markets-Applications/Paint-Coatings/Industrial-Wood;/en/product/35657c7b-7c5f-4eda-aa5f-38030cd179e3/CYMEL-327
/getattachment/Info-Hub/Brochures/EBECRYL-LEO-Self-Curing-Resins/allnex_EBECRYL-LEO-Self-Curing_two-pager.pdf?lang=en-US&disposition=attachment;/en/product/35657c7b-7c5f-4eda-aa5f-38030cd179e3/cymel-327
/en/markets-applications/performance-applications;/en/product/38261d1c-3fd2-4fc4-a270-1b4c054d0b6b/EBECRYL-8811
/en/product/6fe94f85-6f89-4bd3-a0d6-b36ee6485465/UCECOAT-7630;/en/product/38261d1c-3fd2-4fc4-a270-1b4c054d0b6b/ebecryl-8811
/getmedia/29fdf725-91b9-4a99-8497-03d10713e994/Gelcoat-Colour-Card-Front-Page-Image.jpg?width=413&height=581&ext=.jpg;/en/product/38638477-52d8-4c0d-9e7a-58f40cb0d66b/ADDITOL-XW-6569
/Markets-Applications/Paint-Coatings;/en/product/38638477-52d8-4c0d-9e7a-58f40cb0d66b/additol-xw-6569
/Markets-Applications/Performance-Applications;/en/product/3887c1b5-353b-4b7e-a97b-f61fea8cf65f/ADDITOL-XW-395
/getmedia/ef79936d-40f8-4ff1-b123-f3c066b97319/ALL1009_Aquaguard-Fibretech-Pool-Resurf-Bro_v2.pdf?disposition=attachment;/en/product/3887c1b5-353b-4b7e-a97b-f61fea8cf65f/additol-xw-395
/en/product/3f30dfe5-c911-4946-b11c-9038f17248ab/CRYLCOAT-4488-0;/en/product/39bd85a0-af74-49b4-b973-3a14b3074e1b/UVECOAT-3002
/en/product/06864b2c-465c-4451-bbcf-51ec6ed1db39/EBECRYL-5129;/en/product/39bd85a0-af74-49b4-b973-3a14b3074e1b/uvecoat-3002
/en/product/0581fe23-d37d-47a0-8997-666db79594bf/EBECRYL-546;/en/product/3a14a12e-2dfc-4a77-ac30-ffcbe46d9444/ADDITOL-XL-480
/Media/Allnex/Allnex/Market%20Page%20Images/shutterstock_470141456_Industrial-Metal_ACE_Market-overview-tile.jpg?ext=.jpg;/en/product/3a14a12e-2dfc-4a77-ac30-ffcbe46d9444/additol-xl-480
/getmedia/5ab09883-15d6-4e38-9e8a-98174325349f/Equipment-Catalogue.jpg?width=413&height=581&ext=.jpg;/en/product/3bf660fb-0193-4581-a35a-e8c9cfcc589f/CRYLCOAT-4478-0
/Technologies/Powder-Coating-Resins/Powder-Coating-for-Wheels;/en/product/3bf660fb-0193-4581-a35a-e8c9cfcc589f/crylcoat-4478-0
/getmedia/262f8364-8ac2-4000-b264-eb6e0149d2c5/Electronics-Raw-Materials-443x205.jpg?width=443&height=205&ext=.jpg;/en/product/3e97a7a4-ff99-42ae-8f78-f67c09276e20/CYMEL-385
/Markets-Applications/Paint-Coatings/Decorative-Construction/Wood-Concrete-Flooring;/en/product/3e97a7a4-ff99-42ae-8f78-f67c09276e20/cymel-385
/en/product/e683e57f-acb3-49e6-a140-430b5d4d43e3/DAOTAN-TW-6495-35WA;/en/product/3f30dfe5-c911-4946-b11c-9038f17248ab/CRYLCOAT-4488-0
/getmedia/64a64d58-2f72-4a60-beea-9ae9fb8b8789/lra-product-guide-la_english.jpg?width=657&height=855&ext=.jpg;/en/product/3f30dfe5-c911-4946-b11c-9038f17248ab/crylcoat-4488-0
/Markets-Applications/Composites/Energy-(UV-EB)-Curable-Materials;/en/product/40a45536-6f84-4d85-8d6f-f2cb7ff1be5c/ADDITOL-P-964
/getmedia/33a80ef6-d509-4838-a99f-e81fb34cc6fc/32294-ALNX-Aquaguard-Gelcoat-Product-Colour-Guide_7A.pdf?disposition=attachment;/en/product/40a45536-6f84-4d85-8d6f-f2cb7ff1be5c/additol-p-964
/getmedia/c9c32a5c-f534-4886-bf3a-f5d731ce769f/Radcure-Americas-US-letter_2020_0620.pdf?disposition=attachment;/en/product/43ac479a-bdca-42cd-b71f-eab6ed6fc8c7/EBECRYL-8413
/en/product/38638477-52d8-4c0d-9e7a-58f40cb0d66b/additol-xw-6569;/en/product/43ac479a-bdca-42cd-b71f-eab6ed6fc8c7/ebecryl-8413
/getmedia/9c2da9eb-d31a-4592-bac5-59bf573f6cef/pcr_crylcoat-waterspot_thumbnail.jpg?width=643&height=913&ext=.jpg;/en/product/4797b7d9-2b36-46d3-a8a5-28f228ee285d/SETAQUA-6799
/getmedia/835c11d6-8d6d-4758-9148-77ae66f1216d/ebecryl-leo_thumbnail.jpg?width=603&height=858&ext=.jpg;/en/product/4797b7d9-2b36-46d3-a8a5-28f228ee285d/setaqua-6799
/getmedia/09e2c720-d13a-42ae-b03c-3320a0e9dff1/pcr_product-guide-emea_thumbnail.jpg?width=643&height=910&ext=.jpg&ext=.jpg;/en/product/47af4ef3-ca5e-498e-879d-564cf1ebd4d0/ADDITOL-P-920
/Markets-Applications/Performance-Applications/Additives/Radcure-(UV-EB)-additives;/en/product/47af4ef3-ca5e-498e-879d-564cf1ebd4d0/additol-p-920
/Media/Allnex/Allnex/Market%20Page%20Images/shutterstock_696975850_Industrial-Wood_Main-top-pic.jpg?ext=.jpg;/en/product/4c47eecf-4931-4596-9139-ef100627d88e/CYMEL-NF-2000A
/getattachment/Info-Hub/Brochures/EBECRYL-898/2018-March_EB898-OPV-Flyer-(final).pdf?lang=en-US&disposition=attachment;/en/product/4c47eecf-4931-4596-9139-ef100627d88e/cymel-nf-2000a
/getmedia/5e976a73-6f0f-467a-9abe-3e181f3031b8/Fibreglass-Equipment-Range-Catalogue-ANZ.pdf.aspx?disposition=attachment;/en/product/53946ec5-17cd-4605-83d3-55395ecbe860/CYCAT-6925
/en/product/21755f17-0e5a-4726-aca6-9c369e0f388f/EBECRYL-LED-02;/en/product/53946ec5-17cd-4605-83d3-55395ecbe860/cycat-6925
/getmedia/00cd7eae-e101-4fd4-99cd-45e4a81667dc/automotive-oem.JPG?width=641&height=850&ext=.jpg;/en/product/564b9bae-c65d-4aac-a4be-4737c30003f1/MODAFLOW-Powder-6000
/getmedia/866938b4-a4ab-4474-8c24-3f9133484329/shutterstock_1581896836.jpg?width=345&height=190&ext=.jpg;/en/product/564b9bae-c65d-4aac-a4be-4737c30003f1/modaflow-powder-6000
/getmedia/e5937636-8ef3-4fc8-bf3d-d80b1cfba35f/uveb-industrial-coatings-screenshot.jpg?width=491&height=693&ext=.jpg;/en/product/583ad17f-9b8b-4019-b751-f1965bc3902b/CYCAT-600
/en/product/53946ec5-17cd-4605-83d3-55395ecbe860/CYCAT-6925;/en/product/583ad17f-9b8b-4019-b751-f1965bc3902b/cycat-600
/Markets-Applications/Paint-Coatings/Coating-Additives/Catalysts;/en/product/5ada7f48-3477-4029-bd91-47b1d11ee95b/UVECOAT-3005
/getmedia/29f5d3fb-1cca-4b13-a986-5af30343df42/Catalysts.jpg?width=345&height=190&ext=.jpg;/en/product/5ada7f48-3477-4029-bd91-47b1d11ee95b/uvecoat-3005
/en/product/879e783f-9429-4311-a6d1-218e9c8c97d5/EBECRYL-117;/en/product/5c08a140-f204-465d-9fbc-a263c0103246/MODAFLOW-Powder-III
/getattachment/Info-Hub/Brochures/EBECRYL-780/170354_allnex_EBECRYL780_v3-HR.pdf?lang=en-US&disposition=attachment;/en/product/5c08a140-f204-465d-9fbc-a263c0103246/modaflow-powder-iii
/getattachment/3384d5a7-c1f5-4076-b505-9d35c766dd01/shutterstock_406517023_592x395.jpg.aspx?lang=en-US&width=345&height=190&ext=.jpg;/en/product/5f6fe64f-cafe-48ee-a544-f6f8ea8a4ee2/CYCAT-XK-406-N
/Markets-Applications/Performance-Applications/Additives/Flow-Leveling;/en/product/5f6fe64f-cafe-48ee-a544-f6f8ea8a4ee2/cycat-xk-406-n
/getmedia/7c91dd99-047d-41d4-b73b-b16ded844d93/7230-wood.JPG?width=636&height=845&ext=.jpg;/en/product/6179cc9b-6836-49d5-bb9c-06014e00937e/MODAFLOW-Lambda
/getmedia/d150c96d-0dfc-4565-be18-ece3249b9953/radcure_uvekol_thumbnail-picture.jpg?width=608&height=856&ext=.jpg;/en/product/6179cc9b-6836-49d5-bb9c-06014e00937e/modaflow-lambda
/en/product/72d2cefe-1ac5-4e96-a61b-c21fb1cf91e2/cymel-nf-3041;/en/product/618a474b-04ea-43fe-8d62-6b01e4c3ae52/CYCAT-6051
/Markets-Applications/Paint-Coatings/Marine-Protective;/en/product/618a474b-04ea-43fe-8d62-6b01e4c3ae52/cycat-6051
/en/product/e1e884e7-d6de-4751-a723-0f938ff1abc7/SETALUX-57-1277;/en/product/61c155a6-d87e-4947-8a5e-a133d30b230b/EBECRYL-3700
/en/product/405eb207-3cc4-4c6f-a79a-476fd2228db0/CRYLCOAT-1501-6;/en/product/61c155a6-d87e-4947-8a5e-a133d30b230b/ebecryl-3700
/getmedia/efdc9c1a-b48a-4b47-bbaa-d1f08b3d92c5/LIQUID-RESINS-ADDITIVES_EMEA.pdf?disposition=attachment;/en/product/648c231b-69b5-470a-9271-4871bd79d5da/DUROFTAL-FC-9511-80BAC
/getmedia/7ed84a1a-3ee9-4fc2-a690-caa508d419b6/Allnex-Additives-for-Powder-Coating-RCh-Sep-20-PCI-Mag.pdf;/en/product/648c231b-69b5-470a-9271-4871bd79d5da/duroftal-fc-9511-80bac
/en/product/695ba48e-184b-4ebf-bd04-5ae4b3506888/SETALUX-17-1246;/en/product/665d3d42-5c88-4f06-8673-f250f89a38f4/EBECRYL-896
/Technologies/Acrylate-Crosslinkers/Urethane-Acrylates;/en/product/665d3d42-5c88-4f06-8673-f250f89a38f4/ebecryl-896
/en/product/13996312-908c-4dc1-9086-7db6ebbf9513/UCECOAT-2804;/en/product/683a4c53-fdd4-4d81-9f60-e4367359df50/CRYLCOAT-2645-3
/en/product/eeef6e80-2955-4aac-9cdc-af8d82f393d4/ADDITOL-XW-330;/en/product/683a4c53-fdd4-4d81-9f60-e4367359df50/crylcoat-2645-3
/en/product/e9b23b53-8f51-4398-a8fa-e24543612686/SETAQUA-6514;/en/product/6907c0a8-4ce0-423e-afba-6c308316e20b/EBECRYL-130
/en/product/7f243f7a-7bfb-46e3-8b37-0a009e0b36de/EBECRYL-4101;/en/product/6907c0a8-4ce0-423e-afba-6c308316e20b/ebecryl-130
/Markets-Applications/Paint-Coatings/Decorative-Construction/Roof-Tiles;/en/product/695ba48e-184b-4ebf-bd04-5ae4b3506888/SETALUX-17-1246
/getmedia/9365ebc4-b776-43b6-9939-c2454d98ffd0/shutterstock_364935566_592x395.jpg?width=345&height=190&ext=.jpg;/en/product/695ba48e-184b-4ebf-bd04-5ae4b3506888/setalux-17-1246
/Markets-Applications/Paint-Coatings/Packaging-Coatings-Inks/Overprint-Varnishes;/en/product/6b38878a-9bdf-490c-a594-fb83bca20fac/SETALUX-FC-1925-BA-75
/en/product/95e09363-2f1c-4aef-90b6-e0f22d951789/ADDITOL-VXW-6386;/en/product/6b38878a-9bdf-490c-a594-fb83bca20fac/setalux-fc-1925-ba-75
/getattachment/Info-Hub/Brochures/CRYLCOAT-(2606-3,-2664-3,-2666-3)-for-Improved-Wat/730AL_292-CRYLCOAT-waterspot-2606-3,-2664-3,-2666-3.pdf?lang=en-US&disposition=attachment;/en/product/6d8bce8b-8c15-4a51-bb48-ded439d22e68/EBECRYL-1360
/Markets-Applications/Paint-Coatings/Decorative-Construction;/en/product/6d8bce8b-8c15-4a51-bb48-ded439d22e68/ebecryl-1360
/en/product/5c08a140-f204-465d-9fbc-a263c0103246/MODAFLOW-Powder-III;/en/product/70b9b507-cb13-448d-896f-882097170013/EBECRYL-TMPTMA
/en/product/0ab92322-7887-438e-b1d4-92813fdf6575/CYREZ-CRA-200-300-Product-Family-(72-HMMM);/en/product/70b9b507-cb13-448d-896f-882097170013/ebecryl-tmptma
/en/product/683a4c53-fdd4-4d81-9f60-e4367359df50/CRYLCOAT-2645-3;/en/product/711f86d6-0e50-49fe-a654-8ca7ad73b7f8/BECKOPOX-EH-694
/Markets-Applications/Paint-Coatings/Coil-and-Precoated-Metal/Coil-Coatings;/en/product/711f86d6-0e50-49fe-a654-8ca7ad73b7f8/beckopox-eh-694
/getmedia/ff749e1c-3723-40bd-9c17-9170415d65aa/0182_al-ebecryl-uv-led-03-two-pager.pdf?disposition=attachment;/en/product/722d6061-e789-41fa-b14b-48fe8328e266/EBECRYL-230
/Technologies;/en/product/722d6061-e789-41fa-b14b-48fe8328e266/ebecryl-230
/getattachment/996d1d3a-25cd-41ca-8091-9c3fdf6eb374/Wood-concrete-592x395.png.aspx?lang=en-US&width=345&height=190&ext=.png;/en/product/740e0ede-2e17-4605-a776-d9291a83dd98/UCECOAT-7689
/en/product/de823ff1-1d7e-4f13-b1fa-935d814773c5/DAOTAN-TW-6490-35WA;/en/product/740e0ede-2e17-4605-a776-d9291a83dd98/ucecoat-7689
/en/product/618a474b-04ea-43fe-8d62-6b01e4c3ae52/CYCAT-6051;/en/product/77f405d2-c329-410c-8015-d96c894d89b0/EBECRYL-8894
/Markets-Applications/Paint-Coatings/Specialty-Coatings/Glass-Coatings;/en/product/77f405d2-c329-410c-8015-d96c894d89b0/ebecryl-8894
/en/product/d979841d-7605-48a2-a123-fb014ab47650/ADDITOL-VXL-6212;/en/product/79f2a22f-2108-41a4-b523-37c01eb87e84/UVECOAT-3003
/en/product/665d3d42-5c88-4f06-8673-f250f89a38f4/EBECRYL-896;/en/product/79f2a22f-2108-41a4-b523-37c01eb87e84/uvecoat-3003
/Markets-Applications/Paint-Coatings/Coating-Additives/Powder-Coating-Additives;/en/product/7b776ad6-b605-4d51-b1b1-0261c02c2f42/EBECRYL-8896
/Markets-Applications/Performance-Applications/Additives/Catalysts;/en/product/7b776ad6-b605-4d51-b1b1-0261c02c2f42/ebecryl-8896
/en/product/34d760e0-6757-4563-80c1-2cfccae4804e/EBECRYL-876;/en/product/80bda361-a3ae-4098-84c3-c5d9b4bbaa22/EBECRYL-4141
/en/product/25cace87-e7dd-4aff-aea4-8dc6f5afdf94/UCECOAT-7230;/en/product/80bda361-a3ae-4098-84c3-c5d9b4bbaa22/ebecryl-4141
/getmedia/f8c0ed5c-9a54-4bd9-b032-aca18687b6e1/pcr_crylcoat-2415-2_thumbnail.jpg?width=646&height=884&ext=.jpg;/en/product/80f35a02-fd62-407e-9800-ad893431c774/EBECRYL-2221
/en/product/73ccfc7a-18b0-4138-90eb-9643658b879f/setaqua-6716;/en/product/80f35a02-fd62-407e-9800-ad893431c774/ebecryl-2221
/en/product/db5f4685-0462-4c10-8c34-da9ca488e276/ebecryl-444;/en/product/817df115-0e43-4d84-827e-3408aac3fbf3/ADDITOL-XW-6580
/en/product/1c4948d8-a73e-41e0-a2da-df2e13ff480a/ADDITOL-P-966;/en/product/817df115-0e43-4d84-827e-3408aac3fbf3/additol-xw-6580
/en/product/8f09b669-b9f3-42a3-955b-c8dd121b91a0/EBECRYL-3700-18-OT;/en/product/83f59575-2564-471b-b550-c3ba069bbee9/CRYLCOAT-2666-3
/Markets-Applications/Paint-Coatings/Marine-Protective/Light-Duty-Protective;/en/product/83f59575-2564-471b-b550-c3ba069bbee9/crylcoat-2666-3
/getmedia/384cd93b-b502-4fd1-8730-b5e02c44292e/fibreglass-boat-manufacturing.jpg?width=493&height=292&ext=.jpg;/en/product/8440b29b-4a4c-4225-93f1-4033534d1bb6/CRYLCOAT-2664-3
/getattachment/ba1350c8-1514-4917-b0f5-3f4a28425728/shutterstock_414263479_592x395.jpg.aspx?lang=en-US&width=345&height=190&ext=.jpg;/en/product/8440b29b-4a4c-4225-93f1-4033534d1bb6/crylcoat-2664-3
/en/product/113e403c-90d2-4149-a172-5894bd354b06/UCECOAT-7520;/en/product/879e783f-9429-4311-a6d1-218e9c8c97d5/EBECRYL-117
/Markets-Applications/Paint-Coatings/Decorative-Construction/Specialty-Primers;/en/product/879e783f-9429-4311-a6d1-218e9c8c97d5/ebecryl-117
/Markets-Applications/Performance-Applications/Water-treatment-additives;/en/product/887fcc1a-1195-48fa-8d61-82db767e78c5/CRYLCOAT-2668-6
/en/product/c991a51d-be42-428a-8641-1cb216a5c542/additol-xw-376;/en/product/887fcc1a-1195-48fa-8d61-82db767e78c5/crylcoat-2668-6
/Technologies/Solventborne-Resins/Thermoplastic-Acrylics;/en/product/8f09b669-b9f3-42a3-955b-c8dd121b91a0/EBECRYL-3700-18-OT
/getmedia/09c8208a-5178-4f9b-a1bb-01ec47191eef/bathroom-ware.jpg?width=493&height=292&ext=.jpg;/en/product/8f09b669-b9f3-42a3-955b-c8dd121b91a0/ebecryl-3700-18-ot
/en/product/309191df-de5c-4ae3-8a70-71362772bd08/UVECOAT-3001;/en/product/908217f6-019f-49b0-82bf-6c621e6c5313/CRYLCOAT-2478-1
/en/product/740e0ede-2e17-4605-a776-d9291a83dd98/UCECOAT-7689;/en/product/908217f6-019f-49b0-82bf-6c621e6c5313/crylcoat-2478-1
/en/product/39bd85a0-af74-49b4-b973-3a14b3074e1b/UVECOAT-3002;/en/product/936b26d6-c313-4778-9bd5-3dceef71a6dc/UVECOAT-9146
/en/product/5f6fe64f-cafe-48ee-a544-f6f8ea8a4ee2/CYCAT-XK-406-N;/en/product/936b26d6-c313-4778-9bd5-3dceef71a6dc/uvecoat-9146
/en/product/0ab5c0c0-2863-477b-bba8-d248da07d7ba/EBECRYL-417;/en/product/9495d9c5-f5fb-4bbb-b413-c2522e847f40/CRYLCOAT-2920-0
/getmedia/1be8b556-90f0-4f67-a5e0-09c3a89544fc/web-32013-alnx-ultratec-brochure_2a.pdf?disposition=attachment;/en/product/9495d9c5-f5fb-4bbb-b413-c2522e847f40/crylcoat-2920-0
/Markets-Applications/Paint-Coatings/Industrial-Metal/Rail;/en/product/95e09363-2f1c-4aef-90b6-e0f22d951789/ADDITOL-VXW-6386
/en/product/770346ee-49ec-4762-9edb-1cca4709bb41/BECKOCURE-EH-2261w-41WA;/en/product/95e09363-2f1c-4aef-90b6-e0f22d951789/additol-vxw-6386
/Markets-Applications/Paint-Coatings/Specialty-Coatings;/en/product/9798b92d-b569-4ad3-96b5-6daa136521e4/UVECOAT-9010
/getmedia/97903e1a-aca7-46c0-81d0-794a994bdce2/780.JPG?width=701&height=845&ext=.jpg;/en/product/9798b92d-b569-4ad3-96b5-6daa136521e4/uvecoat-9010
/getattachment/db4d8ada-073a-40e4-9377-0bf86074da2a/Flooring2-230x168.jpg?lang=en-GB&width=230&height=168&ext=.jpg;/en/product/97995b4e-ab45-42a0-80e2-5f0af04f6b43/EBECRYL-350
/getattachment/fadbdc64-faa1-4157-995c-e1fc5535cf1a/marine-and-protective_ltduty_1442x613_v2_tn.jpg.aspx?lang=en-US&width=345&height=190&ext=.jpg;/en/product/97995b4e-ab45-42a0-80e2-5f0af04f6b43/ebecryl-350
/en/product/8440b29b-4a4c-4225-93f1-4033534d1bb6/CRYLCOAT-2664-3;/en/product/9ae3a1db-a0f1-4c0e-8689-4f67333317f2/AQUAPOL-102S
/en/product/300e1ec1-77f3-4b1a-816e-f19f8d656670/CYREZ-963-Product-Family-(100-HMMM);/en/product/9ae3a1db-a0f1-4c0e-8689-4f67333317f2/aquapol-102s
/Markets-Applications/Performance-Applications/Petrochemical-Additives;/en/product/9efe9197-0c77-4f67-be22-fcacd739c933/ADDITOL-P-896
/Technologies/Amino-Crosslinkers/Coil-Coating-Additives,-Crosslinkers-Resins;/en/product/9efe9197-0c77-4f67-be22-fcacd739c933/additol-p-896
/en/product/c81cd4e0-610e-46da-ab89-2a90a6121b80/ADDITOL-P-950;/en/product/a6b1ca5e-c05e-47a1-aba8-fd43f332ff1f/CYCAT-4045
/getmedia/edfad230-c8b1-4ce7-a801-00abdcc078bb/waterborne-2K-epoxy-amine-resins-for-concrete-coatings-Nov-2021.pdf?disposition=attachment;/en/product/a6b1ca5e-c05e-47a1-aba8-fd43f332ff1f/cycat-4045
/getmedia/d3bc538e-c467-46e7-8fd2-94d559cf7338/0206_al-industrial-coatings-radcure_lr.pdf?disposition=attachment;/en/product/a7ac052f-f252-44b4-aaf9-4eb98b5f7e57/CRYLCOAT-2505-4
/en/product/e81e173c-a1f3-40ef-a8e2-08c5119b4d00/SETAMINE-US-138-BB-70;/en/product/a7ac052f-f252-44b4-aaf9-4eb98b5f7e57/crylcoat-2505-4
/getmedia/966d1359-07ff-48c9-a948-76245857e522/ALL1008_Polyplex-Surfboard-Laminating-Resin-Flyer_web_version.pdf?disposition=attachment;/en/product/a8a72748-7d2e-4794-9739-3992b5a2d94c/EBECRYL-898
/en/product/d7123cbc-193e-453e-b892-444371f894db/EBECRYL-441;/en/product/a8a72748-7d2e-4794-9739-3992b5a2d94c/ebecryl-898
/en/product/583ad17f-9b8b-4019-b751-f1965bc3902b/CYCAT-600;/en/product/ac95d0d6-2187-49da-839b-130df6789f6d/EBECRYL-5850
/getmedia/35b7ddd2-6bff-4cac-a0b2-66aa4e01b044/xlr_catalysts-for-ic_thumbnail.jpg?width=597&height=857&ext=.jpg;/en/product/ac95d0d6-2187-49da-839b-130df6789f6d/ebecryl-5850
/getmedia/539adf7a-39bf-42d0-a273-c28dce1156ea/Fibretech-Pool-Resurfacing-Application-Guide.JPG?width=413&height=581&ext=.jpg;/en/product/aef91438-173a-4961-b99e-c0f63ea23fdf/DAOTAN-TW-6450-30WA
/Markets-Applications/Performance-Applications/Additives/Powder-Coating-Additives;/en/product/aef91438-173a-4961-b99e-c0f63ea23fdf/daotan-tw-6450-30wa
/getattachment/Info-Hub/Brochures/TMXDI-Product-Guide/LRA-TMXDI-product-guide-WW-March-2018.pdf?lang=en-US&disposition=attachment;/en/product/bad31233-41a1-4b9d-ab6a-a1095d013f59/EBECRYL-5130
/en/product/21574298-7931-49ed-b83b-645e48109a82/CRYLCOAT-2441-2;/en/product/bad31233-41a1-4b9d-ab6a-a1095d013f59/ebecryl-5130
/en/product/5ada7f48-3477-4029-bd91-47b1d11ee95b/UVECOAT-3005;/en/product/bfe0ae9e-118b-4d49-94d7-5e9170f34beb/EBECRYL-1885
/getattachment/Info-Hub/Brochures/EBECRYL-Resins-for-Indirect-Food-Packaging/0879_AL-LEO-EBECRYL_web.pdf?lang=en-US&disposition=attachment;/en/product/bfe0ae9e-118b-4d49-94d7-5e9170f34beb/ebecryl-1885
/Markets-Applications/Composites/Building-Architecture;/en/product/c02e85e4-0410-4ff3-b32e-1bede8fb978f/EBECRYL-4510
/Technologies/Powder-Coating-Resins;/en/product/c02e85e4-0410-4ff3-b32e-1bede8fb978f/ebecryl-4510
/en/product/7b2f4b5d-f41b-4c14-9f24-c6a77605c314/SETALUX-2127-XX-60;/en/product/c0909b8b-78c9-4fa1-8bc0-5891a84b10dd/CRYLCOAT-2693-6
/Markets-Applications/Paint-Coatings/Marine-Protective/Industrial-Maintenance;/en/product/c0909b8b-78c9-4fa1-8bc0-5891a84b10dd/crylcoat-2693-6
/Technologies/Additives;/en/product/c1c79272-7658-4355-80ab-2cffe3dec714/ADDITOL-P-963
/Markets-Applications/Composites/Infrastructure;/en/product/c1c79272-7658-4355-80ab-2cffe3dec714/additol-p-963
/getmedia/c23eb1a7-569d-4f92-9183-056d0b789df5/underground-pipes.jpg?width=493&height=292&ext=.jpg;/en/product/c53fe247-8a82-48ca-97e3-608597b17baf/CRYLCOAT-1660-0
/Technologies/Energy-Curable-Resins/UV-LED-curing-resins-additives;/en/product/c53fe247-8a82-48ca-97e3-608597b17baf/crylcoat-1660-0
/Markets-Applications/Paint-Coatings/Industrial-Wood/Flooring;/en/product/c6627b2c-6987-436e-a2fa-b226d0617ff5/CYCAT-296-9
/en/product/cbc70414-0706-4abd-96f6-dbf7303f5c29/ADDITOL-XL-6507;/en/product/c6627b2c-6987-436e-a2fa-b226d0617ff5/cycat-296-9
/getmedia/cd45ab3b-6521-47ed-94ec-39f7a859b564/shutterstock_23530237_color-palette_coating-additives.jpg?width=345&height=190&ext=.jpg;/en/product/c785320d-a746-4e50-b379-56bea297a7f2/CYCAT-6020
/Markets-Applications/Paint-Coatings/Marine-Protective/Container-Coatings;/en/product/c785320d-a746-4e50-b379-56bea297a7f2/cycat-6020
/en/product/4cd0dd2e-65c9-4c23-8c5f-d56d63e9ae14/ADDITOL-VXW-6208;/en/product/c812f6e2-767d-44bc-a476-f9d50dfffcfd/EBECRYL-4900
/getmedia/6b17ba7b-f6ac-4c03-bba9-d569d14d4ce4/Aquaguard-X-Brochure-Image.JPG?width=413&height=581&ext=.jpg;/en/product/c812f6e2-767d-44bc-a476-f9d50dfffcfd/ebecryl-4900
/Markets-Applications/Performance-Applications/Construction-Materials;/en/product/c81cd4e0-610e-46da-ab89-2a90a6121b80/ADDITOL-P-950
/Markets-Applications/Composites;/en/product/c81cd4e0-610e-46da-ab89-2a90a6121b80/additol-p-950
/Media/Allnex/Allnex/Market%20Page%20Images/shutterstock_525284881_Automotive-OEM_Market-overview-tile.jpg?ext=.jpg;/en/product/c991a51d-be42-428a-8641-1cb216a5c542/ADDITOL-XW-376
/getattachment/b269e555-d429-4b7c-bb1d-8c8c08cdbca8/coating-additives_flow_180x120.jpg.aspx?lang=en-US&width=180&height=120&ext=.jpg;/en/product/c991a51d-be42-428a-8641-1cb216a5c542/additol-xw-376
/en/product/9495d9c5-f5fb-4bbb-b413-c2522e847f40/CRYLCOAT-2920-0;/en/product/cb93354a-70ca-47e0-9420-96349111e922/EBECRYL-LED-03
/getmedia/e21b2503-2eff-4572-8eb5-4e566d0990ec/Water-treatment-additives-350x200.jpg?width=345&height=190&ext=.jpg;/en/product/cb93354a-70ca-47e0-9420-96349111e922/ebecryl-led-03
/en/product/6907c0a8-4ce0-423e-afba-6c308316e20b/EBECRYL-130;/en/product/cbc70414-0706-4abd-96f6-dbf7303f5c29/ADDITOL-XL-6507
/getattachment/Info-Hub/Brochures/UV-EB-Solutions-for-Photoinitiator-Shortage/allnex_EBECRYL-PI-Shortage_Two-pager.pdf?lang=en-US&disposition=attachment;/en/product/cbc70414-0706-4abd-96f6-dbf7303f5c29/additol-xl-6507
/en/product/ce869d89-6d26-4ff0-aa72-c19a22456fe1/ADDITOL-P-891;/en/product/ce869d89-6d26-4ff0-aa72-c19a22456fe1/ADDITOL-P-891
/Markets-Applications/Paint-Coatings/Decorative-Construction/Road-Markings;/en/product/ce869d89-6d26-4ff0-aa72-c19a22456fe1/additol-p-891
/en/product/0071b3f1-a305-4e15-8dd5-751ef33d9ccd/UVECOAT-2200;/en/product/d109cef6-e8b9-408a-94de-42c784664af8/SYNTHACRYL-700
/en/markets-applications/performance-applications/additives/defoamers-and-deaerators;/en/product/d109cef6-e8b9-408a-94de-42c784664af8/synthacryl-700
/en/product/9ae3a1db-a0f1-4c0e-8689-4f67333317f2/aquapol-102s;/en/product/d3069256-a5be-45e9-9fb4-fb45bf883055/EBECRYL-266
/getmedia/04e4a77a-8a1e-4612-8d3a-c480bfd56e6c/pcr_crylcoat-e-04482_thumbnail.jpg?width=643&height=913&ext=.jpg;/en/product/d3069256-a5be-45e9-9fb4-fb45bf883055/ebecryl-266
/en/product/200faba7-7e8b-4c57-884c-c36cef6d4cc5/EBECRYL-331;/en/product/d4e8cd61-c2aa-4fcb-a24e-a49fcfd40615/EBECRYL-4950
/getmedia/a9e3ab5d-9a1d-43dc-8cd5-1ebab959e1d3/3D-printing-resins-market-listing.jpg?width=345&height=190&ext=.jpg;/en/product/d4e8cd61-c2aa-4fcb-a24e-a49fcfd40615/ebecryl-4950
/en/product/648c231b-69b5-470a-9271-4871bd79d5da/DUROFTAL-FC-9511-80BAC;/en/product/d7123cbc-193e-453e-b892-444371f894db/EBECRYL-441
/en/product/564b9bae-c65d-4aac-a4be-4737c30003f1/MODAFLOW-Powder-6000;/en/product/d7123cbc-193e-453e-b892-444371f894db/ebecryl-441
/Technologies/Acrylate-Crosslinkers/Multi-Functional-Methacrylates;/en/product/df802693-8c81-41df-84c4-d72b942bfbd9/EBECRYL-600
/getmedia/dcdd75f3-6a0a-40be-a2c5-961d211609db/lra-product-guide_russian.jpg?width=606&height=842&ext=.jpg;/en/product/df802693-8c81-41df-84c4-d72b942bfbd9/ebecryl-600
/Markets-Applications/Paint-Coatings/Packaging-Coatings-Inks/Flexible-Packaging;/en/product/dfdd452f-8aba-40e7-8439-73cc49c4fd83/VIACRYL-SC-6841w-50WA
/en/product/ecf6c681-ab1a-446b-afdc-2f48ec5610a2/crylcoat-4698-2;/en/product/dfdd452f-8aba-40e7-8439-73cc49c4fd83/viacryl-sc-6841w-50wa
/Technologies/Solventborne-Resins/Solventborne-Acrylics;/en/product/e1680d4c-533c-42b0-b2fe-41dab6e2c42d/EBECRYL-418
/en/markets-applications/paint-coatings/coating-additives/defoamers-and-deaerators;/en/product/e1680d4c-533c-42b0-b2fe-41dab6e2c42d/ebecryl-418
/getmedia/5f51c2bc-a58e-4e06-be34-b2073ef357d9/phenolic.JPG?width=413&height=581&ext=.jpg;/en/product/e53c7e4a-54d9-44ce-9239-9d49a20620a3/EBECRYL-895
/getattachment/163bffad-5cfe-4cd7-929c-161347671003/Metal1-230x168.jpg?lang=en-GB&width=230&height=168&ext=.jpg;/en/product/e53c7e4a-54d9-44ce-9239-9d49a20620a3/ebecryl-895
/getmedia/6901313a-ccc0-417b-bc47-1a925fdc1eca/radcure-americas-pg-screenshot-april-2019.jpg?width=403&height=528&ext=.jpg;/en/product/e81e173c-a1f3-40ef-a8e2-08c5119b4d00/SETAMINE-US-138-BB-70
/en/product/38261d1c-3fd2-4fc4-a270-1b4c054d0b6b/EBECRYL-8811;/en/product/e81e173c-a1f3-40ef-a8e2-08c5119b4d00/setamine-us-138-bb-70
/en/product/77f405d2-c329-410c-8015-d96c894d89b0/EBECRYL-8894;/en/product/e9b23b53-8f51-4398-a8fa-e24543612686/SETAQUA-6514
/getmedia/6a8c3f55-74a6-4e77-8363-9c06f215f935/shutterstock_231680965_powder-coating-additives_market-tile.jpg?width=345&height=190&ext=.jpg;/en/product/e9b23b53-8f51-4398-a8fa-e24543612686/setaqua-6514
/Markets-Applications/Paint-Coatings/Packaging-Coatings-Inks/Inks;/en/product/eb720b0a-9813-4b7a-a380-cbce441b65d7/CYMEL-UI-27-EI
/getmedia/d2a26656-782d-469d-a8dc-7aedd5cb0ad3/rendered.jpg?width=493&height=292&ext=.jpg;/en/product/eb720b0a-9813-4b7a-a380-cbce441b65d7/cymel-ui-27-ei
/getattachment/cedc9478-59a9-4948-b949-62b0a3028c3b/shutterstock_63085795_592x395.jpg.aspx?lang=en-US&width=345&height=190&ext=.jpg;/en/product/fc7241b5-da8b-4c34-a991-1e664ad97056/CYCAT-6030
/getattachment/1ac8de0a-364b-44ba-bf63-9d14444aae7e/shutterstock_308068202.jpg.aspx?lang=en-US&width=345&height=190&ext=.jpg;/en/product/fc7241b5-da8b-4c34-a991-1e664ad97056/cycat-6030
/getmedia/7012ad83-3e0e-43e6-83d1-2795f8deda77/polyplex-dcpd-white-infusion-resin-product-information.pdf?disposition=attachment;/en/sustainability
/en/general-terms-and-conditions;/en/technologies
/getmedia/08d488a9-0b2a-43e3-8c37-f478308b76c3/Allnex-2K-Epoxy_Amine_Systems_Calculation_Tool_012022-final-version-locked_4-1.xlsx;/en/technologies/acrylate-crosslinkers
/Markets-Applications/Paint-Coatings/Specialty-Coatings/Vinyl-Flooring;/en/technologies/acrylate-crosslinkers/acrylate-monomers
/en/product/c785320d-a746-4e50-b379-56bea297a7f2/CYCAT-6020;/en/technologies/acrylate-crosslinkers/epoxy-acrylates
/Markets-Applications/Paint-Coatings/Industrial-Wood/Furniture;/en/technologies/acrylate-crosslinkers/multi-functional-methacrylates
/Markets-Applications/Paint-Coatings/Industrial-Metal/Aerospace;/en/technologies/acrylate-crosslinkers/polyester-acrylates
/en/product/887fcc1a-1195-48fa-8d61-82db767e78c5/CRYLCOAT-2668-6;/en/technologies/acrylate-crosslinkers/urethane-acrylates
/Markets-Applications/Composites/Pool-Leisure;/en/technologies/additives
/getmedia/116407d3-dd84-4e2b-b4e6-32e40f5829dc/ebecryl-led-03-screenshot.jpg?width=529&height=752&ext=.jpg;/en/technologies/additives/cobalt-free-cobalt-based-driers
/Markets-Applications/Composites/Boat-Building-and-Repair;/en/technologies/amino-crosslinkers
/Technologies/Energy-Curable-Resins/UV-curable-printing-resins;/en/technologies/amino-crosslinkers/coil-coating-additives,-crosslinkers-resins
/en/product/83f59575-2564-471b-b550-c3ba069bbee9/crylcoat-2666-3;/en/technologies/catalysts
/Markets-Applications/Composites/Distrubited-Products/Ancillary-Products;/en/technologies/catalysts/acid-catalysts
/en/product/1c50d6c1-9fcb-4b9e-8f72-254070a36934/SYNTHACRYL-710;/en/technologies/composites
/getmedia/ae2f9113-0760-4586-a801-0b0fdf51fe4b/LEO-EBECRYL-413x581.jpg?width=413&height=581&ext=.jpg;/en/technologies/ecowise-choice
/Markets-Applications;/en/technologies/energy-curable-resins
/en/product/2a685e88-dd6e-4cdf-b76f-0d361e071e9f/crylcoat-e-04324;/en/technologies/energy-curable-resins/energy-curable-solutions-for-low-gloss-application
/en/product/81a24571-0c81-411d-8213-ae01bdb37f42/CRYLCOAT-1582-6;/en/technologies/energy-curable-resins/uv-curable-printing-resins
/Technologies/Energy-Curable-Resins/Energy-curable-solutions-for-low-gloss-application;/en/technologies/energy-curable-resins/uv-led-curing-resins-additives
/Markets-Applications/Performance-Applications/Construction-Materials/Waterproofing;/en/technologies/energy-curable-resins/waterbased-uv-resins
/en/product/a7ac052f-f252-44b4-aaf9-4eb98b5f7e57/CRYLCOAT-2505-4;/en/technologies/phenolic-crosslinkers
/en/media-room;/en/technologies/powder-coating-resins
/Technologies/Powder-Coating-Resins/tgic-powder-coating;/en/technologies/powder-coating-resins/polyester-powder-coating
/en/product/1a1757d3-0cde-4850-b09e-bcc90527912a/ADDITOL-XW-6588;/en/technologies/powder-coating-resins/powder-coating-for-wheels
/getattachment/Our-Markets/Tires-Rubber/Specialty-Coatings_tire_1442x614_tn.jpg.aspx?lang=en-US&width=230&height=168&ext=.jpg;/en/technologies/powder-coating-resins/tgic-powder-coating
/en/product/35a07f24-64b5-49b6-854c-e30a5246169a/CYMEL-XW-3106;/en/technologies/powder-coating-resins/uv-curing-powder-coating-resins
/getmedia/86bcd0b1-b72d-43da-adc3-85b3ea774d68/shutterstock_699250510_592x395.jpg?width=345&height=190&ext=.jpg;/en/technologies/solventborne-resins
/en/product/134994ea-ec18-4825-95f5-b473d5dbe8e9/ADDITOL-XL-6577;/en/technologies/solventborne-resins/solventborne-acrylics
/en/product/6b38878a-9bdf-490c-a594-fb83bca20fac/SETALUX-FC-1925-BA-75;/en/technologies/solventborne-resins/solventborne-acrylics/solventborne-polyester
/getmedia/a2d02606-cda7-4323-bc0f-c3966d8f4250/shutterstock_602656238_592x395.jpg?width=345&height=190&ext=.jpg;/en/technologies/solventborne-resins/thermoplastic-acrylics
/en/disclaimer;/en/technologies/urethane-specialties
/getdoc/15fd5462-6555-4933-bbb8-91ea0ab1bebb/Product;/en/technologies/waterborne-resins
/en/product/7b776ad6-b605-4d51-b1b1-0261c02c2f42/EBECRYL-8896;/en/technologies/waterborne-resins/water-based-acrylics
/Markets-Applications/Paint-Coatings/Coil-and-Precoated-Metal;/getattachment/08dea03b-6346-4852-bad8-186873fd3ab1/shutterstock_116313157_592x395.jpg.aspx?lang=en-US&width=345&height=190&ext=.jpg
/Markets-Applications/Paint-Coatings/Coating-Additives/Radcure-(UV-EB)-additives;/getattachment/117b3453-e272-4197-9b80-10677660b3ff/shutterstock_573542053_592x395.jpg.aspx?lang=en-US&width=345&height=190&ext=.jpg
/getmedia/6a2bab06-650c-4209-89b0-a748c9bcdb29/additives_transportation_1442x614.jpg?width=1442&height=614&ext=.jpg;/getattachment/163bffad-5cfe-4cd7-929c-161347671003/Metal1-230x168.jpg?lang=en-GB&width=230&height=168&ext=.jpg
/en/product/1b57ea79-e734-44cb-b4aa-daaebb9315e4/CYCAT-4040;/getattachment/196c981b-896f-4cab-ac29-3955203cde44/shutterstock_271696421_592x395.jpg.aspx?lang=en-US&width=345&height=190&ext=.jpg
/en/product/eb8d2b14-a703-4ca8-ac9d-74c1c84069c6/SETALUX-17-1275;/getattachment/1ac8de0a-364b-44ba-bf63-9d14444aae7e/shutterstock_308068202.jpg.aspx?lang=en-US&width=345&height=190&ext=.jpg
/en/product/d109cef6-e8b9-408a-94de-42c784664af8/SYNTHACRYL-700;/getattachment/3384d5a7-c1f5-4076-b505-9d35c766dd01/shutterstock_406517023_592x395.jpg.aspx?lang=en-US&width=345&height=190&ext=.jpg
/getmedia/3f572a6e-90ca-4c3e-84c3-da07532beb88/32137-ALNX-Pool-Resurface-App-Guide-2020_1A.pdf?disposition=attachment;/getattachment/571f6479-6f8b-4983-9aa9-6c85f05f4ae0/Keyboard-230x168.jpg?lang=en-GB&width=230&height=168&ext=.jpg
/Markets-Applications/Performance-Applications/3D-Printing-Resins;/getattachment/996d1d3a-25cd-41ca-8091-9c3fdf6eb374/Wood-concrete-592x395.png.aspx?lang=en-US&width=345&height=190&ext=.png
/en/product/1bbaa489-cb60-4485-b16e-545a26c6ea72/CYMEL-325;/getattachment/Info-Hub/Brochures/%E7%94%A8%E4%BA%8E%E7%89%B9%E7%A7%8D%E6%B6%82%E6%96%99%E7%9A%84%E9%AB%98%E6%80%A7%E8%83%BD%E6%A0%91%E8%84%82,-Automotive-OEM-Plastics-Products/730AL_332-Auto-Plastic-product-180815.pdf?lang=en-US&disposition=attachment
/getmedia/a064e604-f957-49ee-b412-b72ee3ded97e/0179_AL-Crosslinkers-Amino_web.pdf?disposition=attachment;/getattachment/Info-Hub/Brochures/CRYLCOAT-(2606-3,-2664-3,-2666-3)-for-Improved-Wat/730AL_292-CRYLCOAT-waterspot-2606-3,-2664-3,-2666-3.pdf?lang=en-US&disposition=attachment
/Technologies/Amino-Crosslinkers;/getattachment/Info-Hub/Brochures/CRYLCOAT-2415-2/730AL_317-CRYLCOAT-2415-2.pdf?lang=en-US&disposition=attachment
/Technologies/Catalysts;/getattachment/Info-Hub/Brochures/Catalysts-for-Industrial-Coatings-CYCAT/Catalysts-for-industrial-coatings_July-2021.pdf?lang=en-US&disposition=attachment
/getattachment/Info-Hub/Brochures/UVEKOL-Glass-Laminating-System/730AL_232-UVEKOL-Glass-laminating-system_spreads.pdf?lang=en-US&disposition=attachment;/getattachment/Info-Hub/Brochures/Coating-Additives-Product-Guide-Global/730AL_264-Additives-Productguide-spreads.pdf?lang=en-US&disposition=attachment
/en/product/6179cc9b-6836-49d5-bb9c-06014e00937e/MODAFLOW-Lambda;/getattachment/Info-Hub/Brochures/EBECRYL-780/170354_allnex_EBECRYL780_v3-HR.pdf?lang=en-US&disposition=attachment
/getattachment/Our-Markets/Specialty-Coatings/Glass-Coatings/Specialty-Coatings_glass_1442x614_tn.jpg.aspx?lang=en-US&width=230&height=168&ext=.jpg;/getattachment/Info-Hub/Brochures/EBECRYL-898/2018-March_EB898-OPV-Flyer-(final).pdf?lang=en-US&disposition=attachment
/getattachment/Our-Markets/Specialty-Coatings/Industrial-Plastics/Specialty-Coatings_indplastics_1442x614_tn.jpg.aspx?lang=en-US&width=230&height=168&ext=.jpg;/getattachment/Info-Hub/Brochures/EBECRYL-LEO-Self-Curing-Resins/allnex_EBECRYL-LEO-Self-Curing_two-pager.pdf?lang=en-US&disposition=attachment
/getmedia/489ebe74-7dc0-4d5e-acd3-b03b6bd29080/fibreglass-tooling-and-moulding.jpg?width=493&height=292&ext=.jpg;/getattachment/Info-Hub/Brochures/EBECRYL-Resins-for-Indirect-Food-Packaging/0879_AL-LEO-EBECRYL_web.pdf?lang=en-US&disposition=attachment
/Technologies/Acrylate-Crosslinkers/Polyester-Acrylates;/getattachment/Info-Hub/Brochures/Eco-Friendly-Sustainable-Coating-Resins-Additives/LRA-Green-Solutions-November-2017_WW.pdf?lang=en-US&disposition=attachment
/en/product/20f791aa-e019-4838-aec5-7f5414fe3492/crylcoat-4442-2;/getattachment/Info-Hub/Brochures/Liquid-Resins-Additives-Product-Guide-(3)/LRA-product-guide-Latin-America-June-2017_English.pdf?lang=en-US&disposition=attachment
/getmedia/09c26ccb-56f5-4c8b-9c59-0c56886819fe/pcr_product-guide-us_thumbnail.jpg?width=646&height=910&ext=.jpg;/getattachment/Info-Hub/Brochures/Liquid-Resins-Additives-Product-Guide/LRA_brochure_RUS_2018.pdf?lang=en-US&disposition=attachment
/getmedia/295d7132-d432-4c56-92a3-ae0667e321cf/730al_357_crylcoat-2645-3_print.pdf?disposition=attachment;/getattachment/Info-Hub/Brochures/Powder-Coating-Resins-Architectural-Matte-Dry-Blen/730AL_289-Matte-dry-blend-for-architectural-applications.pdf?lang=en-US&disposition=attachment
/getmedia/160f3fc7-8077-4930-96d7-036e609072da/fibreglass-swimming-pools.jpg?width=493&height=292&ext=.jpg;/getattachment/Info-Hub/Brochures/SETAPOLL-SP-103/730AL_291-SETAPOLL-SP-103.pdf?lang=en-US&disposition=attachment
/Media/Allnex/Allnex/Market%20Page%20Images/shutterstock_747858385_Decorative-Construction_Roof-Tiles_Market-overview-tile.jpg?ext=.jpg;/getattachment/Info-Hub/Brochures/TMI-Product-Guide/LRA-TMI-product-guide-WW-March-2018.pdf?lang=en-US&disposition=attachment
/getmedia/a07d5abc-3dad-4f78-878e-4a63a2260ca4/reactivity_white_3.JPG;/getattachment/Info-Hub/Brochures/TMXDI-Product-Guide/LRA-TMXDI-product-guide-WW-March-2018.pdf?lang=en-US&disposition=attachment
/getmedia/78d176f9-1ece-4a8c-bfd6-5d7797b15f4d/Polyplex-Surfboard-Laminating-Resin-Cover.jpg?width=413&height=581&ext=.jpg;/getattachment/Info-Hub/Brochures/UV-EB-Curable-Resins-Dual-Cure-for-Automotive-Inte/730AL_329-Radcure-Dual-Cure-Automotive-spreads.pdf?lang=en-US&disposition=attachment
/Technologies/Waterborne-Resins/Water-based-acrylics;/getattachment/Info-Hub/Brochures/UV-EB-Curable-Resins-for-Consumer-Electronics-Indu/730AL_222-Allnex-Plastics-Applications-spreads.pdf?lang=en-US&disposition=attachment
/Markets-Applications/Paint-Coatings/Automotive-Transportation/Automotive-OEM;/getattachment/Info-Hub/Brochures/UV-EB-Solutions-for-Photoinitiator-Shortage/allnex_EBECRYL-PI-Shortage_Two-pager.pdf?lang=en-US&disposition=attachment
/Markets-Applications/Paint-Coatings/Coating-Additives/Defoamers-Deaerators;/getattachment/Info-Hub/Brochures/UVEKOL-Glass-Laminating-System/730AL_232-UVEKOL-Glass-laminating-system_spreads.pdf?lang=en-US&disposition=attachment
/en/product/3a14a12e-2dfc-4a77-ac30-ffcbe46d9444/ADDITOL-XL-480;/getattachment/Markets-Applications/Composites/Energy-(UV-EB)-Curable-Materials/Electronics-Raw-Materials_1442x614_tn.jpg?lang=en-US&width=230&height=168&ext=.jpg
/en/product/aef91438-173a-4961-b99e-c0f63ea23fdf/DAOTAN-TW-6450-30WA;/getattachment/Our-Markets/Additives/Petrochemical-Additives/Additives_petrochemical_1442x614_tn.jpg.aspx?lang=en-US&width=230&height=168&ext=.jpg
/getmedia/d6c3de16-160e-4a2c-9595-085b5bcd401a/shutterstock_569095909_592x395.jpg?width=345&height=190&ext=.jpg;/getattachment/Our-Markets/Automotive-Transportation/Vehicle-Finish1-230x168.jpg?lang=en-GB&width=230&height=168&ext=.jpg
/getmedia/a115e4c6-794c-4622-b4ab-728dfb81e4f1/730AL_234-Powder-Coating-Resins-product-guide_AMCS_0819.pdf?disposition=attachment;/getattachment/Our-Markets/Construction-Materials/Concrete-Coatings-Sealers/Construction_concrete_1442x614_tn.jpg.aspx?lang=en-US&width=230&height=168&ext=.jpg
/en/product/27ad0d05-681b-47fe-872e-2853aa80e802/SETALUX-27-1592;/getattachment/Our-Markets/Decorative-Construction/Decorative2-230x168.jpg.aspx?lang=en-US&width=230&height=168&ext=.jpg
/en/product/bad31233-41a1-4b9d-ab6a-a1095d013f59/EBECRYL-5130;/getattachment/Our-Markets/Marine-Protective/Marine2-230x168.jpg?lang=en-US&width=230&height=168&ext=.jpg
/getattachment/Info-Hub/Brochures/SETAPOLL-SP-103/730AL_291-SETAPOLL-SP-103.pdf?lang=en-US&disposition=attachment;/getattachment/Our-Markets/Packaging-Coatings-Inks/Ink-pantone-colour-guide.jpg?lang=en-GB&width=345&height=190&ext=.jpg
/en/product/79f2a22f-2108-41a4-b523-37c01eb87e84/UVECOAT-3003;/getattachment/Our-Markets/Personal-Care/Fabric1-230x168.jpg?lang=en-GB&width=230&height=168&ext=.jpg
/en/product/d7c721ea-28c6-4451-9239-b7d5fa7f56e0/BECKOPOX-EP-2384w-57WA;/getattachment/Our-Markets/Specialty-Coatings/Consumer-Electronics/Specialty-Coatings_consumer-elec_1442x614_tn.jpg.aspx?lang=en-US&width=230&height=168&ext=.jpg
/Markets-Applications/Composites/Distrubited-Products/Ancilliary-Products-(1);/getattachment/Our-Markets/Specialty-Coatings/Glass-Coatings/Specialty-Coatings_glass_1442x614_tn.jpg.aspx?lang=en-US&width=230&height=168&ext=.jpg
/getmedia/5b910820-c73b-48a4-8079-a2de363e03e7/Water-borne-1K-acrylic-DTM.jpg?width=413&height=581&ext=.jpg;/getattachment/Our-Markets/Specialty-Coatings/Industrial-Plastics/Specialty-Coatings_indplastics_1442x614_tn.jpg.aspx?lang=en-US&width=230&height=168&ext=.jpg
/getmedia/79fcdebd-9f3d-4184-b878-dac8e72edb78/allnex-Composites-ANZ-Information-Sheet.jpg?width=413&height=581&ext=.jpg;/getattachment/Our-Markets/Tires-Rubber/Specialty-Coatings_tire_1442x614_tn.jpg.aspx?lang=en-US&width=230&height=168&ext=.jpg
/getmedia/70e0fb2f-28d8-4180-8f90-dae8138c313e/Container-coatings.jpg?width=2000&height=1333&ext=.jpg;/getattachment/b269e555-d429-4b7c-bb1d-8c8c08cdbca8/coating-additives_flow_180x120.jpg.aspx?lang=en-US&width=180&height=120&ext=.jpg
/getmedia/c1a276bd-65b4-49d9-a8d9-56e7f0c3eb77/additives-brochure-cover.jpg?width=513&height=696&ext=.jpg;/getattachment/cedc9478-59a9-4948-b949-62b0a3028c3b/shutterstock_63085795_592x395.jpg.aspx?lang=en-US&width=345&height=190&ext=.jpg
/Markets-Applications/Composites/Tooling-and-Moulding;/getattachment/d42fe660-9047-47c9-a94d-3ec25c69ac8b/shutterstock_756479902_tn.jpg.aspx?lang=en-US&width=345&height=190&ext=.jpg
/Markets-Applications/Composites/Transportation;/getattachment/db4d8ada-073a-40e4-9377-0bf86074da2a/Flooring2-230x168.jpg?lang=en-GB&width=230&height=168&ext=.jpg
/en/product/97995b4e-ab45-42a0-80e2-5f0af04f6b43/EBECRYL-350;/getattachment/e8028cf0-f3e2-4995-b911-d9f61dba4eed/coating-additives_driers_180x120.jpg.aspx?lang=en-US&width=180&height=120&ext=.jpg
/getmedia/12abfe9b-5be0-4408-8a1e-d44f3f659385/trasnportation-truck.jpg?width=450&height=432&ext=.jpg;/getattachment/fadbdc64-faa1-4157-995c-e1fc5535cf1a/marine-and-protective_ltduty_1442x613_v2_tn.jpg.aspx?lang=en-US&width=345&height=190&ext=.jpg
/en/product/0e803d57-27b0-4da3-922c-b1b5c5a018ff/OTA-480;/getattachment/fb93fdba-0ef1-4cb8-851c-63599c061f68/coating-additives_dispersants_250x140_hottopic3.jpg.aspx?lang=en-US&width=236&height=140&ext=.jpg
/en/product/40a45536-6f84-4d85-8d6f-f2cb7ff1be5c/ADDITOL-P-964;/getdoc/1ac147e6-24cf-4175-a28e-31be6b91b62b/Markets-Applications
/getmedia/169767a0-3d89-4954-8097-6baa6f686e52/730al_290-crylcoat-2696-6_print.pdf?disposition=attachment;/getdoc/1c5d3bba-a8c6-4fbe-815a-a43aa97e3769/General-Terms-and-Conditions
/getmedia/45628ac5-0d40-47fb-ad51-8b2d1e8cb484/truck-bodies-and-caravan-parts.jpg?width=493&height=292&ext=.jpg;/getdoc/509f5d96-8aa5-4a4b-806b-c40d018e8ec9/Contact-Us
/getmedia/e8ea7559-881f-4cf5-ac1d-470c6e8b55a5/LIQUID-RESINS-ADDITIVES.jpg?width=413&height=581&ext=.jpg;/getdoc/9370c389-a28d-4262-9245-3c1f4ccec3cf/Data-Protection
/product-finder;/getdoc/e479c57f-b413-4d80-a9ea-b96e4b759ed4/Disclaimer
/getattachment/Markets-Applications/Composites/Energy-(UV-EB)-Curable-Materials/Electronics-Raw-Materials_1442x614_tn.jpg?lang=en-US&width=230&height=168&ext=.jpg;/getmedia/00cd7eae-e101-4fd4-99cd-45e4a81667dc/automotive-oem.JPG?width=641&height=850&ext=.jpg
/en/markets-applications/paint-coatings;/getmedia/08d488a9-0b2a-43e3-8c37-f478308b76c3/Allnex-2K-Epoxy_Amine_Systems_Calculation_Tool_012022-final-version-locked_4-1.xlsx
/en/product/908217f6-019f-49b0-82bf-6c621e6c5313/CRYLCOAT-2478-1;/getmedia/09c26ccb-56f5-4c8b-9c59-0c56886819fe/pcr_product-guide-us_thumbnail.jpg?width=646&height=910&ext=.jpg
/getmedia/d7ae7a6b-53af-4e87-9009-3d3a7fa93462/ultratec-tooling-system-image.jpg?width=413&height=581&ext=.jpg;/getmedia/09c8208a-5178-4f9b-a1bb-01ec47191eef/bathroom-ware.jpg?width=493&height=292&ext=.jpg
/getmedia/240a2221-d036-4b2d-963f-eb3d9778d59a/shutterstock_117899905_592x395.jpg?width=345&height=190&ext=.jpg;/getmedia/09e2c720-d13a-42ae-b03c-3320a0e9dff1/pcr_product-guide-emea_thumbnail.jpg?width=643&height=910&ext=.jpg&ext=.jpg
/en/product/1db48619-243d-484e-875f-6b2123d2acbd/VIACRYL-SC-121-60X;/getmedia/0b8733a3-317f-4d10-8228-a4eccc6f3061/0182_AL-UCECOAT-7230-for-CE-IP-two-pager_web.pdf?disposition=attachment
/Markets-Applications/Performance-Applications/Additives/Dispersants-Wetting;/getmedia/0d23d092-d1ce-4a88-bfa4-7fe06ff1b8a2/lra_coating-additives_thumbnail.jpg?width=619&height=855&ext=.jpg
/en/product/35657c7b-7c5f-4eda-aa5f-38030cd179e3/CYMEL-327;/getmedia/102f8846-1ada-401a-98e3-4181a81b622c/0175_al-powder-coatings-additives_proef4.pdf?disposition=attachment
/en/product/13a16b09-d903-49a3-aae7-7c82d6648410/CRYLCOAT-2435-6;/getmedia/116407d3-dd84-4e2b-b4e6-32e40f5829dc/ebecryl-led-03-screenshot.jpg?width=529&height=752&ext=.jpg
/Technologies/Powder-Coating-Resins/UV-curing-powder-coating-resins;/getmedia/14628108-c553-419c-a8fa-9b36bc9f6df9/pcr-for-low-temp-cure-screenshot.jpg?width=533&height=755&ext=.jpg
/Media/Allnex/Allnex/Market%20Page%20Images/shutterstock_77204545_Decorative-Construction_Stains-Varnishes_Market-overview-tile.jpg?ext=.jpg;/getmedia/15f87e39-3c86-4d97-a271-c60d3f880433/homepage-new-960x395.jpg?width=960&height=395&ext=.jpg
/getmedia/3666b306-d559-4a58-88ff-d41aef837835/radcure_ebecryl-7230-for-ceip_ww.jpg?width=607&height=852&ext=.jpg;/getmedia/160ed72d-d649-4a0b-b2a8-53a6fe46e008/sustainable-solutions-lra_english.jpg?width=612&height=854&ext=.jpg
/getattachment/Info-Hub/Brochures/UV-EB-Curable-Resins-Dual-Cure-for-Automotive-Inte/730AL_329-Radcure-Dual-Cure-Automotive-spreads.pdf?lang=en-US&disposition=attachment;/getmedia/160f3fc7-8077-4930-96d7-036e609072da/fibreglass-swimming-pools.jpg?width=493&height=292&ext=.jpg
/en/product/034e829c-60c9-46dc-af2c-e82f28cb0d14/EBECRYL-225;/getmedia/169767a0-3d89-4954-8097-6baa6f686e52/730al_290-crylcoat-2696-6_print.pdf?disposition=attachment
/Markets-Applications/Paint-Coatings/Marine-Protective/Marine;/getmedia/230119e9-2add-4e49-921b-f6736db0476e/Radcure-additives-market-listing-image.jpg?width=493&height=292&ext=.jpg
/en/product/c6627b2c-6987-436e-a2fa-b226d0617ff5/CYCAT-296-9;/getmedia/240a2221-d036-4b2d-963f-eb3d9778d59a/shutterstock_117899905_592x395.jpg?width=345&height=190&ext=.jpg
/getattachment/Info-Hub/Brochures/Liquid-Resins-Additives-Product-Guide-(3)/LRA-product-guide-Latin-America-June-2017_English.pdf?lang=en-US&disposition=attachment;/getmedia/24743837-939b-4e43-8529-ed122b0e550e/general-fabrication-493x292.jpg?width=493&height=292&ext=.jpg
/getattachment/d42fe660-9047-47c9-a94d-3ec25c69ac8b/shutterstock_756479902_tn.jpg.aspx?lang=en-US&width=345&height=190&ext=.jpg;/getmedia/24ccffd6-8135-45e4-8d32-68b49c1f2bf6/fibreglass-equipment-range-catalogue-anz.pdf
/getattachment/Info-Hub/Brochures/Powder-Coating-Resins-Architectural-Matte-Dry-Blen/730AL_289-Matte-dry-blend-for-architectural-applications.pdf?lang=en-US&disposition=attachment;/getmedia/24fd1295-c1a2-446f-9dc7-8a387f4f37ba/Photoinitiator-shortage.jpg?width=635&height=848&ext=.jpg
/en/;/getmedia/262f8364-8ac2-4000-b264-eb6e0149d2c5/Electronics-Raw-Materials-443x205.jpg?width=443&height=205&ext=.jpg
/getattachment/5d2ba32b-25fb-4113-90a6-d53963b6592c/shutterstock_1130041625_592x397.jpg.aspx?lang=en-US&width=345&height=190&ext=.jpg;/getmedia/27094ae4-5060-4332-a14d-7c7aaa44104e/automotive-uv-eb.JPG?width=634&height=851&ext=.jpg
/en/product/438fe33f-aa52-41cb-9190-6abbfeaff3b8/UCECOAT-7510;/getmedia/290d0cd4-c283-4333-8f10-e77869dff6f9/eb-898.JPG?width=635&height=848&ext=.jpg
/getmedia/89ce0179-8738-4a95-b005-32ba1c977fc3/pcr_setapoll-sp103_thumbnail.jpg?width=645&height=910&ext=.jpg;/getmedia/295d7132-d432-4c56-92a3-ae0667e321cf/730al_357_crylcoat-2645-3_print.pdf?disposition=attachment
/getmedia/24fd1295-c1a2-446f-9dc7-8a387f4f37ba/Photoinitiator-shortage.jpg?width=635&height=848&ext=.jpg;/getmedia/29f5d3fb-1cca-4b13-a986-5af30343df42/Catalysts.jpg?width=345&height=190&ext=.jpg
/Markets-Applications/Performance-Applications/Personal-Care-Encapsulation/Encapsulation;/getmedia/29fdf725-91b9-4a99-8497-03d10713e994/Gelcoat-Colour-Card-Front-Page-Image.jpg?width=413&height=581&ext=.jpg
/en/product/bfe0ae9e-118b-4d49-94d7-5e9170f34beb/EBECRYL-1885;/getmedia/2a5ab7c5-4c1d-43f8-83ae-58013cb611d0/shutterstock_494707909_vehicle-refinish_market-overview.jpg?width=230&height=168&ext=.jpg
/getattachment/Info-Hub/Brochures/用于特种涂料的高性能树脂,-Automotive-OEM-Plastics-Products/730AL_332-Auto-Plastic-product-180815.pdf?lang=en-US&disposition=attachment;/getmedia/2bfe02fc-39b7-402b-b5e9-eb2fcdcf690f/hetron-922-infusion-resin-product-information.pdf?disposition=attachment
/getmedia/d15a0a97-735f-4961-890b-bc864907fc1e/composites.jpg?width=300&height=200&ext=.jpg;/getmedia/2f374237-4092-4537-bfff-a5295dab5860/Driers.jpg?width=345&height=190&ext=.jpg
/en/product/33789ef5-bb09-4a3b-aef8-207c742d5d3c/setal-26-1089;/getmedia/30878d90-57f9-4500-abf4-2102cbff3076/Paint-coatings.jpg?width=300&height=200&ext=.jpg
/en/product/2ad7c00a-d780-4640-9cea-99544a56e744/additol-p-932;/getmedia/33a80ef6-d509-4838-a99f-e81fb34cc6fc/32294-ALNX-Aquaguard-Gelcoat-Product-Colour-Guide_7A.pdf?disposition=attachment
/en/markets-applications/composites?tab-market-tabs=composites;/getmedia/34627c07-1e0d-4b2a-aa2d-25a3363e87f3/Newsletter-image-2.jpg?width=1920&height=400&ext=.jpg
/en/product/17a8ca84-436d-4dbe-ab5b-3d98303dca65/additol-p-824;/getmedia/34b6bb55-5aad-4b22-aab3-e46a620a5317/30199-ALNX-Allnex-Gelcoat-Colour-Guide-Brochure-12B.pdf?disposition=attachment
/Markets-Applications/Performance-Applications/Additives/defoamers-and-deaerators;/getmedia/35b7ddd2-6bff-4cac-a0b2-66aa4e01b044/xlr_catalysts-for-ic_thumbnail.jpg?width=597&height=857&ext=.jpg
/getmedia/30878d90-57f9-4500-abf4-2102cbff3076/Paint-coatings.jpg?width=300&height=200&ext=.jpg;/getmedia/3666b306-d559-4a58-88ff-d41aef837835/radcure_ebecryl-7230-for-ceip_ww.jpg?width=607&height=852&ext=.jpg
/en/product/d3069256-a5be-45e9-9fb4-fb45bf883055/ebecryl-266;/getmedia/368862c5-d9ed-4b96-a6fe-4ccce0829f1c/allnex-WeChat-QR-code.jpg
/en/product/70b9b507-cb13-448d-896f-882097170013/ebecryl-tmptma;/getmedia/384cd93b-b502-4fd1-8730-b5e02c44292e/fibreglass-boat-manufacturing.jpg?width=493&height=292&ext=.jpg
/en/product/0aefa066-64e6-40bf-99ea-17f196da61bd/crylcoat-2630-2;/getmedia/3b024692-bf92-44b7-857b-d18fb6a04a35/radcure-ceip_emea_thumbnail-picture.jpg?width=607&height=857&ext=.jpg
/en/markets-applications/composites?tab-market-tabs=performance-applications;/getmedia/3e15422d-2d50-43d4-a617-aadd468c23a9/Website-Front-Cover.jpg?width=413&height=581&ext=.jpg
/en/product/4797b7d9-2b36-46d3-a8a5-28f228ee285d/setaqua-6799;/getmedia/3ef54da6-027b-4cac-a7c7-9cfd2d78791b/Allnex_logo_tagline_CMYK-DEF_1.jpg?width=150&height=100&ext=.jpg
/en/product-finder/product;/getmedia/3f2e66ef-da08-42f0-a2cf-fc73acc2575b/730al_303-low-temperature-curing_web.pdf?disposition=attachment
/CMSTemplates/Allnex/Markets/;/getmedia/3f572a6e-90ca-4c3e-84c3-da07532beb88/32137-ALNX-Pool-Resurface-App-Guide-2020_1A.pdf?disposition=attachment
/getmedia/52bb0c8d-5f04-4002-99d8-b039a1e0b992/Performance-applications.jpg?width=300&height=200&ext=.jpg;/getmedia/40a0bdcf-9855-418f-a66e-bf7ada052a25/amino-crosslinkers.JPG?width=413&height=581&ext=.jpg
/en/product/3887c1b5-353b-4b7e-a97b-f61fea8cf65f/additol-xw-395;/getmedia/40ef732e-7525-41f8-9e08-1333350e220e/shutterstock_781140223_aluminium-extrusion_market-tile.jpg?width=345&height=190&ext=.jpg
/en/markets-applications/composites?tab-market-tabs=paint-coatings;/getmedia/45628ac5-0d40-47fb-ad51-8b2d1e8cb484/truck-bodies-and-caravan-parts.jpg?width=493&height=292&ext=.jpg
;/getmedia/489ebe74-7dc0-4d5e-acd3-b03b6bd29080/fibreglass-tooling-and-moulding.jpg?width=493&height=292&ext=.jpg
;/getmedia/4f3a8b86-f66a-4647-82ae-c0a0b16298f0/pcr_matte-dry-blend_thumbnail.jpg?width=647&height=910&ext=.jpg
;/getmedia/519f930e-f429-44f0-9191-248c3c444cbb/Marine-coatings.jpg?width=2394&height=1766&ext=.jpg
;/getmedia/52bb0c8d-5f04-4002-99d8-b039a1e0b992/Performance-applications.jpg?width=300&height=200&ext=.jpg
;/getmedia/539adf7a-39bf-42d0-a273-c28dce1156ea/Fibretech-Pool-Resurfacing-Application-Guide.JPG?width=413&height=581&ext=.jpg
;/getmedia/5ab09883-15d6-4e38-9e8a-98174325349f/Equipment-Catalogue.jpg?width=413&height=581&ext=.jpg
;/getmedia/5b4c5eae-b1bb-43c5-beca-fae9a685a620/shutterstock_436388113_road-markings-night.jpg?width=345&height=190&ext=.jpg
;/getmedia/5c254495-7f4e-49f2-b30a-dd3151a3f13b/hetron-922-infusion-resin.jpg?width=413&height=581&ext=.jpg
;/getmedia/5e976a73-6f0f-467a-9abe-3e181f3031b8/Fibreglass-Equipment-Range-Catalogue-ANZ.pdf.aspx?disposition=attachment
;/getmedia/5f51c2bc-a58e-4e06-be34-b2073ef357d9/phenolic.JPG?width=413&height=581&ext=.jpg
;/getmedia/64a64d58-2f72-4a60-beea-9ae9fb8b8789/lra-product-guide-la_english.jpg?width=657&height=855&ext=.jpg
;/getmedia/6901313a-ccc0-417b-bc47-1a925fdc1eca/radcure-americas-pg-screenshot-april-2019.jpg?width=403&height=528&ext=.jpg
;/getmedia/6a8c3f55-74a6-4e77-8363-9c06f215f935/shutterstock_231680965_powder-coating-additives_market-tile.jpg?width=345&height=190&ext=.jpg
;/getmedia/6b17ba7b-f6ac-4c03-bba9-d569d14d4ce4/Aquaguard-X-Brochure-Image.JPG?width=413&height=581&ext=.jpg
;/getmedia/6c9a66f3-de73-4975-8fea-a4f4e18e6154/shutterstock_602656238.jpg?width=345&height=190&ext=.jpg
;/getmedia/7012ad83-3e0e-43e6-83d1-2795f8deda77/polyplex-dcpd-white-infusion-resin-product-information.pdf?disposition=attachment
;/getmedia/70e0fb2f-28d8-4180-8f90-dae8138c313e/Container-coatings.jpg?width=2000&height=1333&ext=.jpg
;/getmedia/78d176f9-1ece-4a8c-bfd6-5d7797b15f4d/Polyplex-Surfboard-Laminating-Resin-Cover.jpg?width=413&height=581&ext=.jpg
;/getmedia/79fcdebd-9f3d-4184-b878-dac8e72edb78/allnex-Composites-ANZ-Information-Sheet.jpg?width=413&height=581&ext=.jpg
;/getmedia/7ed84a1a-3ee9-4fc2-a690-caa508d419b6/Allnex-Additives-for-Powder-Coating-RCh-Sep-20-PCI-Mag.pdf
;/getmedia/835c11d6-8d6d-4758-9148-77ae66f1216d/ebecryl-leo_thumbnail.jpg?width=603&height=858&ext=.jpg
;/getmedia/862d87fd-1385-4730-9fdd-36cc0c8e4d36/Polyplex-DCPD.jpg?width=413&height=581&ext=.jpg
;/getmedia/870559aa-8ec9-4c59-9c64-c0c108aeee50/Allnex-Composites-Fact-Sheet-Updated-April-2021.pdf?disposition=attachment
;/getmedia/8905d837-6adb-4e74-a0be-c5617226d7cd/0180_AL-Crosslinkers-Phenolic_web.pdf?disposition=attachment
;/getmedia/89ce0179-8738-4a95-b005-32ba1c977fc3/pcr_setapoll-sp103_thumbnail.jpg?width=645&height=910&ext=.jpg
;/getmedia/9365ebc4-b776-43b6-9939-c2454d98ffd0/shutterstock_364935566_592x395.jpg?width=345&height=190&ext=.jpg
;/getmedia/95aeacd8-7d0b-4ee6-98c7-af391da4c391/TMI.JPG?width=600&height=824&ext=.jpg
;/getmedia/966d1359-07ff-48c9-a948-76245857e522/ALL1008_Polyplex-Surfboard-Laminating-Resin-Flyer_web_version.pdf?disposition=attachment
;/getmedia/97407888-dd8f-4fed-9528-cb68907c59b8/shutterstock_114329287_592x395.jpg?width=345&height=190&ext=.jpg
;/getmedia/97903e1a-aca7-46c0-81d0-794a994bdce2/780.JPG?width=701&height=845&ext=.jpg
;/getmedia/9c2da9eb-d31a-4592-bac5-59bf573f6cef/pcr_crylcoat-waterspot_thumbnail.jpg?width=643&height=913&ext=.jpg
;/getmedia/a064e604-f957-49ee-b412-b72ee3ded97e/0179_AL-Crosslinkers-Amino_web.pdf?disposition=attachment
;/getmedia/a07d5abc-3dad-4f78-878e-4a63a2260ca4/reactivity_white_3.JPG
;/getmedia/a115e4c6-794c-4622-b4ab-728dfb81e4f1/730AL_234-Powder-Coating-Resins-product-guide_AMCS_0819.pdf?disposition=attachment
;/getmedia/a2d02606-cda7-4323-bc0f-c3966d8f4250/shutterstock_602656238_592x395.jpg?width=345&height=190&ext=.jpg
;/getmedia/a7aacf54-28ce-4d81-a380-a0a11bd74819/crylcoat-2645-3-screenshot.jpg?width=514&height=727&ext=.jpg
;/getmedia/a9e3ab5d-9a1d-43dc-8cd5-1ebab959e1d3/3D-printing-resins-market-listing.jpg?width=345&height=190&ext=.jpg
;/getmedia/ae2f9113-0760-4586-a801-0b0fdf51fe4b/LEO-EBECRYL-413x581.jpg?width=413&height=581&ext=.jpg
;/getmedia/c1a276bd-65b4-49d9-a8d9-56e7f0c3eb77/additives-brochure-cover.jpg?width=513&height=696&ext=.jpg
;/getmedia/c23eb1a7-569d-4f92-9183-056d0b789df5/underground-pipes.jpg?width=493&height=292&ext=.jpg
;/getmedia/c30ecc88-27b3-453b-ab2b-da0a2b181fa6/TMXDI.JPG?width=639&height=850&ext=.jpg
;/getmedia/c9c32a5c-f534-4886-bf3a-f5d731ce769f/Radcure-Americas-US-letter_2020_0620.pdf?disposition=attachment
;/getmedia/cd45ab3b-6521-47ed-94ec-39f7a859b564/shutterstock_23530237_color-palette_coating-additives.jpg?width=345&height=190&ext=.jpg
;/getmedia/cdc8bad7-b4b0-4c46-8b5c-fc0d1385618b/pcr_crylcoat-2696-3_thumbnail.jpg?width=643&height=910&ext=.jpg
;/getmedia/d150c96d-0dfc-4565-be18-ece3249b9953/radcure_uvekol_thumbnail-picture.jpg?width=608&height=856&ext=.jpg
;/getmedia/d15a0a97-735f-4961-890b-bc864907fc1e/composites.jpg?width=300&height=200&ext=.jpg
;/getmedia/d2a26656-782d-469d-a8dc-7aedd5cb0ad3/rendered.jpg?width=493&height=292&ext=.jpg
;/getmedia/d3bc538e-c467-46e7-8fd2-94d559cf7338/0206_al-industrial-coatings-radcure_lr.pdf?disposition=attachment
;/getmedia/d6c3de16-160e-4a2c-9595-085b5bcd401a/shutterstock_569095909_592x395.jpg?width=345&height=190&ext=.jpg
;/getmedia/dcdd75f3-6a0a-40be-a2c5-961d211609db/lra-product-guide_russian.jpg?width=606&height=842&ext=.jpg
;/getmedia/e21b2503-2eff-4572-8eb5-4e566d0990ec/Water-treatment-additives-350x200.jpg?width=345&height=190&ext=.jpg
;/getmedia/e46d51bf-089b-4193-b001-37ebb16c2b2e/730AL_220-Powder-coating_web.pdf?disposition=attachment
;/getmedia/e5937636-8ef3-4fc8-bf3d-d80b1cfba35f/uveb-industrial-coatings-screenshot.jpg?width=491&height=693&ext=.jpg
;/getmedia/e8ea7559-881f-4cf5-ac1d-470c6e8b55a5/LIQUID-RESINS-ADDITIVES.jpg?width=413&height=581&ext=.jpg
;/getmedia/ef79936d-40f8-4ff1-b123-f3c066b97319/ALL1009_Aquaguard-Fibretech-Pool-Resurf-Bro_v2.pdf?disposition=attachment
;/getmedia/efdc9c1a-b48a-4b47-bbaa-d1f08b3d92c5/LIQUID-RESINS-ADDITIVES_EMEA.pdf?disposition=attachment
;/getmedia/f8c0ed5c-9a54-4bd9-b032-aca18687b6e1/pcr_crylcoat-2415-2_thumbnail.jpg?width=646&height=884&ext=.jpg
;/getmedia/ff749e1c-3723-40bd-9c17-9170415d65aa/0182_al-ebecryl-uv-led-03-two-pager.pdf?disposition=attachment
;/media-room
;/product-finder
;/resources/css/kentico.css
;/resources/css/styles.css
;/resources/js/scripts.js